연번,과목명,등록일
1,민법,2014-08-31
2,행정소송법,2014-08-31
3,회계학 1부,2014-08-31
4,회계학 2부,2014-08-31
5,세법학 1부,2014-08-31
6,세법학 2부,2014-08-31
7,관광법규,2014-08-31
8,관광자원해설,2014-08-31
9,호텔인사및조직관리론,2014-08-31
10,호텔마케팅론,2014-08-31
11,관광법규,2014-08-31
12,호텔회계론,2014-08-31
13,국사,2014-08-31
14,관광법규,2014-08-31
15,수처리공정,2014-08-31
16,수질분석 및 관리,2014-08-31
17,"설비운영(기계,장치 또는 계측기 등)",2014-08-31
18,정수시설 수리학,2014-08-31
19,법학개론,2014-08-31
20,민간경비론,2014-08-31
21,경비업법(청원경찰법포함),2014-08-31
22,소방학,2014-08-31
23,범죄학,2014-08-31
24,경호학,2014-08-31
25,기계경비개론,2014-08-31
26,기계경비기획및설계,2014-08-31
27,면접(전체),2014-08-31
28,문화재보호법,2014-08-31
29,한국사,2014-08-31
30,한국건축사,2014-08-31
31,조경사,2014-08-31
32,화학,2014-08-31
33,농약학,2014-08-31
34,한국건축시공,2014-08-31
35,한국건축구조,2014-08-31
36,색채론,2014-08-31
37,도학,2014-08-31
38,한국건축설계제도,2014-08-31
39,한국건축실측,2014-08-31
40,조경설계 및 시공,2014-08-31
41,전통조경,2014-08-31
42,보존과학개론,2014-08-31
43,문화재수복기술개론,2014-08-31
44,수목생리,2014-08-31
45,수목병충해,2014-08-31
46,독점규제및공정거래에관한 법령,2014-08-31
47,민법,2014-08-31
48,경영학,2014-08-31
49,가맹사업거래의 공정화에 관한 법령 및 실무,2014-08-31
50,가맹계약에 관한 이론 및 실무,2014-08-31
51,작업(전체),2014-08-31
52,필답(전체),2014-08-31
53,노동법I(1차),2014-08-31
54,노동법II(1차),2014-08-31
55,경제학원론,2014-08-31
56,민법,2014-08-31
57,"호텔실무(현관,객실,식당 중심)",2014-08-31
58,검수에 관한 일반적 지식,2014-08-31
59,영어,2014-08-31
60,선박의 구조 및 흘수계산방법,2014-08-31
61,검량에 관한 일반적 지식,2014-08-31
62,영어,2014-08-31
63,전문분야의 해당과목,2014-08-31
64,감정에 관한 일반적 지식,2014-08-31
65,선박에 의한 유류오염손해배상에 관한 일반지식,2014-08-31
66,호텔인사및조직관리론,2014-08-31
67,호텔관리론,2014-08-31
68,관광법규,2014-08-31
69,관광학개론,2014-08-31
70,관광법규,2014-08-31
71,"호텔실무(현관,객실,식당중심)",2014-08-31
72,영어,2014-08-31
73,인사노무관리론,2014-08-31
74,경영조직론,2014-08-31
75,노동경제학,2014-08-31
76,행정쟁송법,2014-08-31
77,부동산학개론,2014-08-31
78,민법및민사특별법,2014-08-31
79,공인중개사의업무및부동산거래신고에관한법령및중개실무,2014-08-31
80,부동산공시에관한법령및부동산관련세법,2014-08-31
81,부동산공법중부동산중개에관련되는규정,2014-08-31
82,방사성동위원소 및 방사선에 관한 사항(의학),2014-08-31
83,방사성동위원소 및 방사선에 관한 사항(치의학),2014-08-31
84,방사선에의한장해및그방어,2014-08-31
85,방사성동위원소등을의학적으로인체에사용하는기술,2014-08-31
86,원자력관계법령,2014-08-31
87,방사성동위원소 및 방사선취급기술기초,2014-08-31
88,방사선장해방어기초,2014-08-31
89,원자력기초이론,2014-08-31
90,원자력이론,2014-08-31
91,방사성동위원소및방사선의취급기술및측정기술,2014-08-31
92,소방학 개론,2014-08-31
93,구급 및 응급처치론,2014-08-31
94,재난관리론,2014-08-31
95,교육학 원론,2014-08-31
96,심리학 개론,2014-08-31
97,소방안전관리론 및 화재역학,2014-08-31
98,소방수리학.약제화학 및 소방전기,2014-08-31
99,소방관련법령,2014-08-31
100,위험물의 성상 및 시설기준,2014-08-31
101,소방시설의 구조원리,2014-08-31
102,소방시설의 점검실무행정,2014-08-31
103,소방시설의 설계 및 시공,2014-08-31
104,박물관학,2014-08-31
105,영어,2014-08-31
106,불어,2014-08-31
107,독어,2014-08-31
108,경제법,2014-08-31
109,일어,2014-08-31
110,중국어,2014-08-31
111,한문,2014-08-31
112,스페인어,2014-08-31
113,러시아어,2014-08-31
114,이탈리아어,2014-08-31
115,고고학,2014-08-31
116,미술사학,2014-08-31
117,예술학,2014-08-31
118,민속학,2014-08-31
119,서지학,2014-08-31
120,한국사,2014-08-31
121,인류학,2014-08-31
122,자연사,2014-08-31
123,과학사,2014-08-31
124,문화사,2014-08-31
125,보존과학,2014-08-31
126,전시기획론,2014-08-31
127,농산물품질관리법령 및 농수산물유통 및 가격안정에 관한 법령,2014-08-31
128,원예학개론(수확후의 품질관리론 포함),2014-08-31
129,농산물유통론,2014-08-31
130,중소기업관련법령,2014-08-31
131,회계학개론,2014-08-31
132,경영학,2014-08-31
133,기업진단론,2014-08-31
134,조사방법론,2014-08-31
135,영어,2014-08-31
136,인사관리,2014-08-31
137,조직행동론,2014-08-31
138,노사관계론,2014-08-31
139,재무관리,2014-08-31
140,"회계학(재무회계,관리회계 포함)",2014-08-31
141,세법(세무회계 포함),2014-08-31
142,생산관리,2014-08-31
143,품질경영,2014-08-31
144,경영과학,2014-08-31
145,마케팅관리론,2014-08-31
146,시장조사론,2014-08-31
147,소비자행동론,2014-08-31
148,중소기업관련법령,2014-08-31
149,공업경영학,2014-08-31
150,자연과학개론,2014-08-31
151,기업진단론,2014-08-31
152,조사방법론,2014-08-31
153,영어,2014-08-31
154,기계공작법,2014-08-31
155,호텔마케팅론,2014-08-31
156,관광학개론,2014-08-31
157,한국어학,2014-08-31
158,일반언어학 및 응용언어학,2014-08-31
159,외국어로서의 한국어교육론,2014-08-31
160,한국문화,2014-08-31
161,노동법I(2차),2014-08-31
162,노동법II(2차),2014-08-31
163,재료역학,2014-08-31
164,기계설계,2014-08-31
165,일반금속재료,2014-08-31
166,금속가공,2014-08-31
167,금속열처리,2014-08-31
168,전기기기,2014-08-31
169,전기전자재료,2014-08-31
170,공업계측제어,2014-08-31
171,섬유재료학,2014-08-31
172,염색가공,2014-08-31
173,섬유시험법,2014-08-31
174,유기고분자공업,2014-08-31
175,무기재료공업,2014-08-31
176,화학공업양론,2014-08-31
177,품질관리,2014-08-31
178,생산계획,2014-08-31
179,수요관리,2014-08-31
180,정보통신개론,2014-08-31
181,시스템응용,2014-08-31
182,기계요소설계및유체기계,2014-08-31
183,다듬질가공법,2014-08-31
184,다듬질가공법및안전관리,2014-08-31
185,단위공장,2014-08-31
186,단위조작,2014-08-31
187,단조설비,2014-08-31
188,단조작업법,2014-08-31
189,도시설계및단지계획,2014-08-31
190,"내연기관,유압기기,건설기계일반및건설관계법규에관한사항",2014-08-31
191,"내연기관,유압기기,기계공작법및건설관계법규에관한사항",2014-08-31
192,"내연기관,유체기계및기계공작법에관한사항",2014-08-31
193,"내연기관,중기정비및중비관계법규",2014-08-31
194,담배기계정비,2014-08-31
195,담배제조기계,2014-08-31
196,담배제조기계운전지침,2014-08-31
197,담배제조기계정비,2014-08-31
198,담배제조론,2014-08-31
199,담배품질관리론,2014-08-31
200,내연기관및CAD,2014-08-31
201,내연기관및금속재료,2014-08-31
202,내연기관및기계재료,2014-08-31
203,내연기관및유압기기,2014-08-31
204,냉동공학,2014-08-31
205,냉동기계,2014-08-31
206,냉동냉장학,2014-08-31
207,기계일반,2014-08-31
208,기계재료,2014-08-31
209,기계재료및요소,2014-08-31
210,기계재료및유압기기,2014-08-31
211,기계재료및정밀계측,2014-08-31
212,기계전자일반,2014-08-31
213,기계절삭(범용공작기계)가공법및안전관리,2014-08-31
214,기계정비일반,2014-08-31
215,기계제도,2014-08-31
216,기계제도(CAD),2014-08-31
217,기계제도(비절삭),2014-08-31
218,기계제도(비절삭부분),2014-08-31
219,기계제도(절삭),2014-08-31
220,구조지질학,2014-08-31
221,국내전파관계법규,2014-08-31
222,국제전파관계법규,2014-08-31
223,"국토계획,도시종합계획및토지이용계획에관한사항",2014-08-31
224,국토및지역계획,2014-08-31
225,굴착공학,2014-08-31
226,굴착 및 산업안전,2014-08-31
227,궤도작업,2014-08-31
228,궤도회로,2014-08-31
229,귀금속가공,2014-08-31
230,귀금속가공법,2014-08-31
231,귀금속감정및작업안전,2014-08-31
232,귀금속공작법,2014-08-31
233,귀금속의장,2014-08-31
234,귀금속재료,2014-08-31
235,귀금속재료및가공기법,2014-08-31
236,금속가공,2014-08-31
237,금속가공및CAD,2014-08-31
238,금속가공법,2014-08-31
239,금속가공학,2014-08-31
240,금속강도학,2014-08-31
241,금속공업제도,2014-08-31
242,금속공예기법,2014-08-31
243,금속공예안전,2014-08-31
244,금속공예의장,2014-08-31
245,과수의토양비료와육묘법,2014-08-31
246,광고도장기법,2014-08-31
247,광고법규,2014-08-31
248,광고사진축성,2014-08-31
249,광고와관련된법규,2014-08-31
250,공업계측및측정자동화,2014-08-31
251,공업계측일반,2014-08-31
252,공업디자인,2014-08-31
253,공업디자인론,2014-08-31
254,공업배관,2014-08-31
255,공업배관및안전관리,2014-08-31
256,공업역학,2014-08-31
257,공업열역학(기계부문),2014-08-31
258,금형제작법,2014-08-31
259,금형제작법및측정,2014-08-31
260,기계가공및안전관리,2014-08-31
261,기계가공법,2014-08-31
262,기계가공법및안전관리,2014-08-31
263,기계공작법,2014-08-31
264,기계공작법및선박기관,2014-08-31
265,기계공정설계,2014-08-31
266,기계금속공작법,2014-08-31
267,기계동력학및기구학,2014-08-31
268,기계및설비,2014-08-31
269,기계및설비보수,2014-08-31
270,기계설계,2014-08-31
271,기계설계및기계재료,2014-08-31
272,기계설계및유체기계,2014-08-31
273,기계설계제도,2014-08-31
274,기계설비,2014-08-31
275,금속공예자료,2014-08-31
276,금속공예재료,2014-08-31
277,금속도장,2014-08-31
278,"금속도장기계,설비및보수",2014-08-31
279,금속도장안전,2014-08-31
280,기계제도(절삭부분),2014-08-31
281,기계제작법,2014-08-31
282,"기계제작법(기계재료,공작기계,기계동력학)",2014-08-31
283,대기오염방지기술,2014-08-31
284,대기운동학,2014-08-31
285,대기환경관계법규,2014-08-31
286,대재,2014-08-31
287,데이터베이스,2014-08-31
288,데이타통신,2014-08-31
289,데이타통신이론,2014-08-31
290,데이타통신측정,2014-08-31
291,도금,2014-08-31
292,냉동냉장학및통조림제조학,2014-08-31
293,냉동냉장학생화학및통조림제조에관한사항,2014-08-31
294,냉동및공기조화,2014-08-31
295,냉동이론,2014-08-31
296,논리회로,2014-08-31
297,농기계안전관리,2014-08-31
298,농기계전기,2014-08-31
299,농기계정비,2014-08-31
300,농림해충학,2014-08-31
301,농약,2014-08-31
302,농약에관한법규,2014-08-31
303,농약의독성과종류및기능,2014-08-31
304,농약의특성과종류및기능,2014-08-31
305,농약제조화학,2014-08-31
306,농약학,2014-08-31
307,농약학및잡초방제학,2014-08-31
308,농약화학,2014-08-31
309,농업기계,2014-08-31
310,농업기계공작법,2014-08-31
311,농업기계요소,2014-08-31
312,농업기계일반,2014-08-31
313,농업기계전기,2014-08-31
314,농업기계정비,2014-08-31
315,농업기계제작법,2014-08-31
316,농업기계학,2014-08-31
317,농업동력학,2014-08-31
318,"농업동력학,포장기계학,농산기계학에관한사항",2014-08-31
319,농예개론,2014-08-31
320,농축과여과,2014-08-31
321,농축여과,2014-08-31
322,누설검사,2014-08-31
323,누설검사법,2014-08-31
324,누설검사법의공업규격,2014-08-31
325,누설검사법의공업규칙,2014-08-31
326,누설검사법이론,2014-08-31
327,누설관련규격,2014-08-31
328,누설시험원리,2014-08-31
329,도면해독(선체),2014-08-31
330,도면해독(절삭가공분야),2014-08-31
331,도면해독(절삭분야),2014-08-31
332,도배시공,2014-08-31
333,도시계획개론,2014-08-31
334,도시계획개론및조림학일반에관한사항,2014-08-31
335,도시계획개론및토지조성계획,2014-08-31
336,도시계획개론및토지조성계획에관한사항,2014-08-31
337,도시계획관계법규,2014-08-31
338,"광도계,광속계,속도계및방사능계기에관한이론",2014-08-31
339,"광도계,광속계,조도계및방사능계기에관한이론",2014-08-31
340,광물암석일반,2014-08-31
341,광물일반,2014-08-31
342,광물학,2014-08-31
343,광산기계,2014-08-31
344,광산기계및전기일반,2014-08-31
345,광산기계설치,2014-08-31
346,광산기계운전및수리,2014-08-31
347,광산보안,2014-08-31
348,광산보안관계법규,2014-08-31
349,"광산시설공학,암석역학및환경공학에관한사항",2014-08-31
350,기초물리,2014-08-31
351,기초역학,2014-08-31
352,소프트웨어공학,2014-08-31
353,환경공학개론,2014-08-31
354,폐기물처리,2014-08-31
355,대기오염제어,2014-08-31
356,산업재산권법,2014-08-31
357,민법개론,2014-08-31
358,자연과학개론,2014-08-31
359,특허법,2014-08-31
360,상표법,2014-08-31
361,민사소송법,2014-08-31
362,디자인보호법(조약포함),2014-08-31
363,저작권법,2014-08-31
364,산업디자인,2014-08-31
365,기계설계,2014-08-31
366,열역학,2014-08-31
367,금속재료,2014-08-31
368,유기화학,2014-08-31
369,화학반응공학,2014-08-31
370,전기자기학,2014-08-31
371,회로이론,2014-08-31
372,반도체공학,2014-08-31
373,제어공학,2014-08-31
374,데이터구조론,2014-08-31
375,발효공학,2014-08-31
376,분자생물학,2014-08-31
377,약제학,2014-08-31
378,약품제조화학,2014-08-31
379,섬유재료학,2014-08-31
380,콘크리트 및 철근콘크리트 공학,2014-08-31
381,사회복지기초,2014-08-31
382,사회복지실천,2014-08-31
383,사회복지정책과 제도,2014-08-31
384,민법,2014-08-31
385,회계원리,2014-08-31
386,공동주택시설개론,2014-08-31
387,주택관리관계법규,2014-08-31
388,공동주택관리실무,2014-08-31
389,민법,2014-08-31
390,부동산관계법규,2014-08-31
391,회계학,2014-08-31
392,경제원론,2014-08-31
393,영어,2014-08-31
394,감정평가실무,2014-08-31
395,감정평가이론,2014-08-31
396,감정평가및보상법규,2014-08-31
397,물류관리론,2014-08-31
398,화물운송론,2014-08-31
399,국제물류론,2014-08-31
400,보관하역론,2014-08-31
401,물류관련법규,2014-08-31
402,면접위원1,2014-08-31
403,면접위원2,2014-08-31
404,면접위원3,2014-08-31
405,관세법개론,2014-08-31
406,대외무역법 및 외국환거래법,2014-08-31
407,행정법개론,2014-08-31
408,무역영어,2014-08-31
409,관세법(환특법 포함),2014-08-31
410,관세율표 및 상품학,2014-08-31
411,내국소비세법,2014-08-31
412,무역실무,2014-08-31
413,국사,2014-08-31
414,관광자원해설,2014-08-31
415,관광법규,2014-08-31
416,관광학개론,2014-08-31
417,재정학,2014-08-31
418,세법학개론,2014-08-31
419,회계학개론,2014-08-31
420,소방유체역학및약제화학,2014-08-31
421,소방전기시설의구조및원리,2014-08-31
422,소방전기회로,2014-08-31
423,소성가공학,2014-08-31
424,선광일반,2014-08-31
425,선광작업,2014-08-31
426,선광학,2014-08-31
427,선로공학,2014-08-31
428,선로보수,2014-08-31
429,선로보수규정,2014-08-31
430,선로설비기준,2014-08-31
431,선로전송개론,2014-08-31
432,선로측정,2014-08-31
433,"선박공작법개론,선박동력장치",2014-08-31
434,선박관계법규,2014-08-31
435,선박관계법규(기관),2014-08-31
436,선박구조,2014-08-31
437,선박기관,2014-08-31
438,선박기관및선박보기,2014-08-31
439,선박보기,2014-08-31
440,선박보기및기계역학,2014-08-31
441,선박보기및선박추진장치,2014-08-31
442,선박설계,2014-08-31
443,선박의장,2014-08-31
444,선박조립,2014-08-31
445,"선박추진장치,선박보기,기관의장,박용기관설비규정",2014-08-31
446,선반관계법규,2014-08-31
447,선체구조학,2014-08-31
448,선체의장,2014-08-31
449,선체의장및선체구조역학,2014-08-31
450,"선체의장및선체구조역학,선박공작법및선박용기관에관한사항",2014-08-31
451,설비관리,2014-08-31
452,설비진단관리및기계정비,2014-08-31
453,섬유과학,2014-08-31
454,섬유디자인론,2014-08-31
455,섬유시험법,2014-08-31
456,색채및사진기법,2014-08-31
457,색채및인간공학,2014-08-31
458,색채학,2014-08-31
459,색채화,2014-08-31
460,색체론,2014-08-31
461,색체학,2014-08-31
462,샘풀링검사법,2014-08-31
463,생물공학계산,2014-08-31
464,생물반응공학,2014-08-31
465,생물분리공학,2014-08-31
466,수산가공학,2014-08-31
467,수산및해양관계법규,2014-08-31
468,수산생물,2014-08-31
469,수산생물(무척추동물),2014-08-31
470,수산생물(수산식물),2014-08-31
471,"수산생물(척추,무척추,수산식물)",2014-08-31
472,수산생물(척추동물),2014-08-31
473,"수산생물,수산자원,어업제도및수산관계법규",2014-08-31
474,수산생물및수산자원학,2014-08-31
475,수산생물및자원어장,2014-08-31
476,수산생태학,2014-08-31
477,수산양식,2014-08-31
478,수산양식총론,2014-08-31
479,수산자원관리론,2014-08-31
480,수산자원학,2014-08-31
481,수산제조학,2014-08-31
482,수산증식,2014-08-31
483,섬유원료,2014-08-31
484,섬유일반,2014-08-31
485,섬유일반,2014-08-31
486,섬유재료학,2014-08-31
487,섬유제품시험법및품질관리,2014-08-31
488,섬유화학,2014-08-31
489,성장및조직,2014-08-31
490,성질,2014-08-31
491,세라믹계산,2014-08-31
492,세라믹공업,2014-08-31
493,세라믹공정,2014-08-31
494,세라믹양론,2014-08-31
495,세라믹원료,2014-08-31
496,세라믹재료,2014-08-31
497,세라믹화학,2014-08-31
498,소결법,2014-08-31
499,소독법,2014-08-31
500,소독학,2014-08-31
501,소득법,2014-08-31
502,소방관계법규,2014-08-31
503,소방기계시설의구조및원리,2014-08-31
504,소방설비구조및원리,2014-08-31
505,소방설비의구조및원리,2014-08-31
506,"소방설비의구조및원리(경보설비,피난유도설비,소화및배연설비의 ..)",2014-08-31
507,"소방설비의구조및원리(소화및배연설비,피난기구설비)",2014-08-31
508,소방원론,2014-08-31
509,식물육종학,2014-08-31
510,식자,2014-08-31
511,수산화학,2014-08-31
512,수상생태학,2014-08-31
513,수소화물운송취급,2014-08-31
514,수송절차,2014-08-31
515,수송화물운송취급,2014-08-31
516,수예염색,2014-08-31
517,수예염색및자수품보존과세탁,2014-08-31
518,수족병리,2014-08-31
519,수족병리학및수질관리,2014-08-31
520,수질관리,2014-08-31
521,수질관리및무척추동물의질병,2014-08-31
522,수질관리및양식생물질병,2014-08-31
523,수질관리및어류질병,2014-08-31
524,수질관리및해조류질병,2014-08-31
525,수질및대기오염개론,2014-08-31
526,수질분석및양식생물질병,2014-08-31
527,수질오염개론,2014-08-31
528,수질오염공정시험방법,2014-08-31
529,수질오염방지기술,2014-08-31
530,수질학,2014-08-31
531,수질환경공학,2014-08-31
532,수질환경관계법규,2014-08-31
533,수치해석,2014-08-31
534,수편기,2014-08-31
535,수편기및수편법,2014-08-31
536,스크린인쇄,2014-08-31
537,습공기및유채유동,2014-08-31
538,소음개론,2014-08-31
539,소음방지기술,2014-08-31
540,소음진동개론,2014-08-31
541,소음진동공정시험방법,2014-08-31
542,소음진동공정시험법,2014-08-31
543,소음진동관계법규,2014-08-31
544,소음진동방지기술,2014-08-31
545,소프트웨어공학,2014-08-31
546,소화기에관한구조와원리,2014-08-31
547,속토조각사,2014-08-31
548,송배전,2014-08-31
549,송배전설비,2014-08-31
550,"수,소화물운송취급",2014-08-31
551,수리학,2014-08-31
552,수목병리,2014-08-31
553,수목분류,2014-08-31
554,수목식별,2014-08-31
555,신호규정,2014-08-31
556,신호규정및안전관리,2014-08-31
557,신호기기,2014-08-31
558,습공기및유체유동,2014-08-31
559,승강기개론,2014-08-31
560,승강기설계,2014-08-31
561,시각디자인론,2014-08-31
562,신호설비설계,2014-08-31
563,신호시설관리,2014-08-31
564,실내디자인론,2014-08-31
565,실험계획법,2014-08-31
566,아스팔트포장,2014-08-31
567,피아노구조 및 조율법,2014-08-31
568,악기의구조,2014-08-31
569,피아노구조 및 조율법,2014-08-31
570,안전관리,2014-08-31
571,안전관리론,2014-08-31
572,안전위생,2014-08-31
573,시각디자인실무이론,2014-08-31
574,시계성능검사,2014-08-31
575,시계수리법,2014-08-31
576,시계안전관리,2014-08-31
577,시계일반,2014-08-31
578,시계재료,2014-08-31
579,시멘트제조,2014-08-31
580,시방및견적,2014-08-31
581,시방및적산,2014-08-31
582,시설원예학,2014-08-31
583,시설원예환경조절공학,2014-08-31
584,시설의설치,2014-08-31
585,시설자재및설계,2014-08-31
586,시설재배의관리,2014-08-31
587,시스템분석설계,2014-08-31
588,시스템설계및메카트로닉스공학,2014-08-31
589,시스템제어일반,2014-08-31
590,시스템프로그래밍,2014-08-31
591,시추결과처리,2014-08-31
592,시추공학,2014-08-31
593,시추기,2014-08-31
594,시추기계,2014-08-31
595,시추및환경지질학,2014-08-31
596,시추일반,2014-08-31
597,시추작업,2014-08-31
598,시추지질,2014-08-31
599,식도조각사,2014-08-31
600,식물병리학,2014-08-31
601,식물보호학,2014-08-31
602,"열동력,금속재료,기계진동",2014-08-31
603,안전작업법,2014-08-31
604,안테나개론,2014-08-31
605,안테나공학,2014-08-31
606,암석및지질,2014-08-31
607,암석역학,2014-08-31
608,암석역학및광물학,2014-08-31
609,암석역학및지질학,2014-08-31
610,암석학,2014-08-31
611,암석학및광물학,2014-08-31
612,암석학및지질학,2014-08-31
613,압연설비,2014-08-31
614,압연이론,2014-08-31
615,액션및건반조정,2014-08-31
616,양복제작법,2014-08-31
617,양식기구류관리,2014-08-31
618,양장제작법,2014-08-31
619,양주학개론,2014-08-31
620,어간유제조학,2014-08-31
621,어구어법학,2014-08-31
622,어구의재료구성및수리,2014-08-31
623,어구학,2014-08-31
624,어구학및어법학,2014-08-31
625,어류양식,2014-08-31
626,어류질병진단학,2014-08-31
627,어류질병진단학및병리학,2014-08-31
628,어법,2014-08-31
629,어법학,2014-08-31
630,어병및수질분석,2014-08-31
631,어병일반,2014-08-31
632,어병학,2014-08-31
633,어셈블리프로그래밍,2014-08-31
634,식자용설비및공구,2014-08-31
635,식재계획,2014-08-31
636,식품가공기계,2014-08-31
637,식품가공및기계,2014-08-31
638,식품가공및저장론,2014-08-31
639,식육가공학,2014-08-31
640,식품미생물학,2014-08-31
641,식품위생,2014-08-31
642,식품위생법규,2014-08-31
643,식품위생일반,2014-08-31
644,과수의병충해와농약,2014-08-31
645,과수의분류법,2014-08-31
646,과수의생리,2014-08-31
647,광고의장및도법,2014-08-31
648,광고일반,2014-08-31
649,광고재료,2014-08-31
650,광고학,2014-08-31
651,공업열역학(열관리부문),2014-08-31
652,공업재료,2014-08-31
653,공업재료및모형제작론,2014-08-31
654,공업전자계측,2014-08-31
655,공업전자측정,2014-08-31
656,공업표준화,2014-08-31
657,공업표준화및관계법규,2014-08-31
658,공업화학,2014-08-31
659,공업화학(무공및유공),2014-08-31
660,공업화학개론(물질및에너지수지계산을포함한다),2014-08-31
661,공예도법,2014-08-31
662,공예디자인,2014-08-31
663,공예사,2014-08-31
664,공예염색학,2014-08-31
665,공예의장,2014-08-31
666,공예의장도안,2014-08-31
667,공예재료,2014-08-31
668,공원녹지계획,2014-08-31
669,공유압및산업설비제도,2014-08-31
670,공유압및자동제어,2014-08-31
671,공유압및자동화시스템,2014-08-31
672,공유압및치공구,2014-08-31
673,공유압일반,2014-08-31
674,공정관리,2014-08-31
675,공정설계,2014-08-31
676,공정설계(공작물제어및장비선정요령),2014-08-31
677,공정제어,2014-08-31
678,공조냉동안전관리,2014-08-31
679,공중보건학(공해방지관계법규를포함한다),2014-08-31
680,공중선과전파전자,2014-08-31
681,공중선과전파전파,2014-08-31
682,공중선및전파전자,2014-08-31
683,공중보건학,2014-08-31
684,공중위생법규,2014-08-31
685,공중위생학,2014-08-31
686,공차관리및공차론,2014-08-31
687,공해공정시험법,2014-08-31
688,공해공정시험법(대기),2014-08-31
689,공해공정시험법(소음진동),2014-08-31
690,공해공정시험법(수질),2014-08-31
691,과수원예,2014-08-31
692,과수원예학,2014-08-31
693,과수의번식법,2014-08-31
694,교통운영,2014-08-31
695,교통조사,2014-08-31
696,교통지리,2014-08-31
697,교통지리및통신보안,2014-08-31
698,교환설비기준,2014-08-31
699,구두의가공,2014-08-31
700,구두의재료,2014-08-31
701,구두의제법,2014-08-31
702,구두의조립,2014-08-31
703,구조역학,2014-08-31
704,봉재과학,2014-08-31
705,부식방식,2014-08-31
706,"길이계,각도계및접척기에관한이론,저울검위형및심도분동에관한이론",2014-08-31
707,나염,2014-08-31
708,나전칠기공예사,2014-08-31
709,나전칠기공작법,2014-08-31
710,나전칠기도장법,2014-08-31
711,나전칠기의장,2014-08-31
712,나전칠기재료,2014-08-31
713,기계요소설계및기계재료,2014-08-31
714,기계요소설계및기계제작법,2014-08-31
715,난방공학,2014-08-31
716,난백판제판,2014-08-31
717,날염개론,2014-08-31
718,날염학,2014-08-31
719,내연기관,2014-08-31
720,기계요소설계및기구학,2014-08-31
721,광산시설공학및환경공학,2014-08-31
722,광산지질및토목지질에관한사항,2014-08-31
723,광상학,2014-08-31
724,광학기기,2014-08-31
725,교류기기,2014-08-31
726,교통계획,2014-08-31
727,교통공학,2014-08-31
728,교통관계법규,2014-08-31
729,교통시설,2014-08-31
730,교통안전,2014-08-31
731,기계위험방지기술,2014-08-31
732,기계유체역학,2014-08-31
733,기계역학,2014-08-31
734,기계열역학,2014-08-31
735,기계요소,2014-08-31
736,기계요소및재료,2014-08-31
737,기계요소설계,2014-08-31
738,금속도장재료,2014-08-31
739,금속열역학,2014-08-31
740,"금속열역학,금속가공학,금속표면처리에관한사항",2014-08-31
741,금속열처리,2014-08-31
742,금속열처리및용접공학,2014-08-31
743,금속열처리및표면처리,2014-08-31
744,금속재료,2014-08-31
745,금속재료및신소재,2014-08-31
746,금속재료및용접기술일반,2014-08-31
747,금속재료및용접일반,2014-08-31
748,금속재료및용접재료일반,2014-08-31
749,금속재료및정밀계측,2014-08-31
750,금속재료시험법,2014-08-31
751,금속재료일반,2014-08-31
752,금속재료조직시험및비파괴시험,2014-08-31
753,금속재료조직시험법,2014-08-31
754,금속재료학,2014-08-31
755,금속제련,2014-08-31
756,금속제련공학,2014-08-31
757,"금속제피난사다리,구조대및완강기에관한구조와원리",2014-08-31
758,금속조직,2014-08-31
759,금속조직및시험,2014-08-31
760,금속조직학,2014-08-31
761,금속표면처리,2014-08-31
762,금속표면처리및안전관리,2014-08-31
763,금형가공법및안전관리,2014-08-31
764,금형공구재료및요소,2014-08-31
765,금형공작법,2014-08-31
766,도시계획이론,2014-08-31
767,도시학개론,2014-08-31
768,도안과배색,2014-08-31
769,"도자기,내화물,유리,시멘트및특수요업체",2014-08-31
770,"도자기,내화물,유리,시멘트및특수요업체에관한사항",2014-08-31
771,도자기공예기법,2014-08-31
772,도자기공예재료,2014-08-31
773,도자기및도자기원료,2014-08-31
774,도자기및조자기원료,2014-08-31
775,도자기제조용기계기구,2014-08-31
776,도장법,2014-08-31
777,도장시공,2014-08-31
778,도장의장,2014-08-31
779,도장재료,2014-08-31
780,도학,2014-08-31
781,"독,극물에관한법규",2014-08-31
782,"독,극물의성질",2014-08-31
783,"독,극물의저장및관리",2014-08-31
784,동력전달장치,2014-08-31
785,동력차검수규정(기관),2014-08-31
786,동력차검수규정(전기),2014-08-31
787,동력차공기제동장치,2014-08-31
788,동력차기계장치,2014-08-31
789,담비기계정비,2014-08-31
790,대기열역학,2014-08-31
791,대기오염개론,2014-08-31
792,대기오염공정시험방법,2014-08-31
793,동력차기관검수규정,2014-08-31
794,동력차기관에관한검수규정,2014-08-31
795,동력장치,2014-08-31
796,기관부수장치,2014-08-31
797,대기오염공정시험법,2014-08-31
798,목재가공,2014-08-31
799,목재가공및임산제조에관한사항,2014-08-31
800,목재건조,2014-08-31
801,목재건조론,2014-08-31
802,목재공학,2014-08-31
803,"목재공학,목재해부학및목재식별론에관한사항",2014-08-31
804,목재공학및수지,2014-08-31
805,목재보존,2014-08-31
806,목재보존학,2014-08-31
807,목재이용및보존,2014-08-31
808,목재이학,2014-08-31
809,목재해부학,2014-08-31
810,목재해부학및목재식별론에관한사항,2014-08-31
811,동력차전기장치,2014-08-31
812,동력차전기장치검수규정,2014-08-31
813,동력차전기제동장치,2014-08-31
814,동력차취급규정,2014-08-31
815,"동위원소이용,원자로이론,보건물리및원자력관계법규에관한사항",2014-08-31
816,목재화학,2014-08-31
817,동위원소이용및방사화학,2014-08-31
818,등죽세공예기법,2014-08-31
819,등죽세공예안전,2014-08-31
820,등죽세공예의장,2014-08-31
821,등죽세재료,2014-08-31
822,디자인,2014-08-31
823,디자인개론,2014-08-31
824,디젤전기기관차전기장치,2014-08-31
825,디지탈공학,2014-08-31
826,디지탈전자회로,2014-08-31
827,디지탈통신이론,2014-08-31
828,"라디오,텔레비공학",2014-08-31
829,라디오텔레비공학,2014-08-31
830,라디오텔레비관계전자재료및부품,2014-08-31
831,도금재료,2014-08-31
832,도금판,2014-08-31
833,도로운송차량관계공학,2014-08-31
834,도로운송차량관계법규,2014-08-31
835,도로운송차량관계법규및자동차검사안전에관한사항,2014-08-31
836,도면해독,2014-08-31
837,도면해독(기관),2014-08-31
838,도면해독(비절삭분야),2014-08-31
839,도면해독(색채),2014-08-31
840,무기화학,2014-08-31
841,무선공학,2014-08-31
842,무선기기,2014-08-31
843,무선기기및무선측정,2014-08-31
844,무선설비기준,2014-08-31
845,무선측정,2014-08-31
846,무선통신공학,2014-08-31
847,무선통신기기,2014-08-31
848,무선통신기기및해상통신설비,2014-08-31
849,무선통신시스템,2014-08-31
850,무선통신측정,2014-08-31
851,무척추동물양식,2014-08-31
852,분석화학,2014-08-31
853,산업디자인실무이론,2014-08-31
854,산업심리및교육,2014-08-31
855,생물해양학,2014-08-31
856,생사검사,2014-08-31
857,생산검사,2014-08-31
858,생산계획및통제,2014-08-31
859,생산계획및통제(공정관리),2014-08-31
860,생산계획및통제일반,2014-08-31
861,생산시스템,2014-08-31
862,생산관리일반,2014-08-31
863,생산시설의설계,2014-08-31
864,생화학,2014-08-31
865,"생화학,영양화학및발효학에관한사항",2014-08-31
866,생화학및발효학,2014-08-31
867,서체의변천과정,2014-08-31
868,석공공작법,2014-08-31
869,석공예기법,2014-08-31
870,석공예안전,2014-08-31
871,석공예의장,2014-08-31
872,석공예재료,2014-08-31
873,석공예제도,2014-08-31
874,석재공학,2014-08-31
875,선광공학및금속열역학,2014-08-31
876,산업안전관계법규,2014-08-31
877,산업안전관리론,2014-08-31
878,"산업안전관리론(사고원인분석및대책,방호장치보호구안전점검요령)",2014-08-31
879,산업안전관리론(산업심리및교육포함),2014-08-31
880,산업안전보건,2014-08-31
881,산업안전보건관계법규,2014-08-31
882,선광기계,2014-08-31
883,산업안전일반,2014-08-31
884,"산업안전일반,도로운송차량관계법규및자동차검사안전에관한사항",2014-08-31
885,"산업안전일반,산업안전관계법규및건설안전에관한사항",2014-08-31
886,상법,2014-08-31
887,화훼의생산시설및재배,2014-08-31
888,환경공학,2014-08-31
889,환경관계법규,2014-08-31
890,환경보전법,2014-08-31
891,환경오염공정시험법(대기),2014-08-31
892,환경오염공정시험법(소음진동),2014-08-31
893,환경오염공정시험법(수질),2014-08-31
894,활자,2014-08-31
895,활자개선,2014-08-31
896,활자개설,2014-08-31
897,활자주조기총론,2014-08-31
898,활자합금의개요,2014-08-31
899,활판인쇄,2014-08-31
900,회로망이론,2014-08-31
901,회로이론,2014-08-31
902,회로이론및물리전자공학,2014-08-31
903,회로이론및제어공학,2014-08-31
904,휴양관리학,2014-08-31
905,"길이계,각도계,넓이계,압도계,굴절도계,내화도계,시간계및속도계이론",2014-08-31
906,해양자원론,2014-08-31
907,해양자원론(비생물자원),2014-08-31
908,해양지질,2014-08-31
909,해양지질및그탐사,2014-08-31
910,해양지질학,2014-08-31
911,프라스틱가공기계,2014-08-31
912,프라스틱가공장치및기계,2014-08-31
913,"프라스틱의배합,성형및가공",2014-08-31
914,프라스틱재료및제품시험법,2014-08-31
915,프라스틱재료의배합가공및성형,2014-08-31
916,프레스금형가공법,2014-08-31
917,프레스금형가공법및안전관리,2014-08-31
918,프로그래밍개요,2014-08-31
919,프로그래밍언어,2014-08-31
920,프로그래밍일반,2014-08-31
921,피복사,2014-08-31
922,피복설계학,2014-08-31
923,피복일반,2014-08-31
924,피복재료학,2014-08-31
925,피복환경,2014-08-31
926,피복환경학,2014-08-31
927,피부학,2014-08-31
928,피아노수리법,2014-08-31
929,피아노조율,2014-08-31
930,피아노조정및수리,2014-08-31
931,피아노조정및수지,2014-08-31
932,필름의구조및원리,2014-08-31
933,필름의현상및보존,2014-08-31
934,한복관리,2014-08-31
935,한복재료,2014-08-31
936,한복제작법,2014-08-31
937,한복제작법,2014-08-31
938,한천제조학,2014-08-31
939,합성보석에관한일반이론,2014-08-31
940,합성섬유학,2014-08-31
941,"항공공학,항공장치계통및항공제어",2014-08-31
942,항공공학일반,2014-08-31
943,항공기관,2014-08-31
944,항공기구조,2014-08-31
945,항공기동력장치,2014-08-31
946,항공기체,2014-08-31
947,항공법규,2014-08-31
948,항공사진촬영법,2014-08-31
949,항공사진측량,2014-08-31
950,항공역학,2014-08-31
951,항공역학및항공장치계통에관한사항,2014-08-31
952,항공장비,2014-08-31
953,항공장치계통및항공제어,2014-08-31
954,항공정비,2014-08-31
955,항공제어공학,2014-08-31
956,해수의수질분석,2014-08-31
957,해양계측학,2014-08-31
958,해양관련법규,2014-08-31
959,해양구조공학,2014-08-31
960,해양물리,2014-08-31
961,해양물리학및해양화학,2014-08-31
962,해양생물,2014-08-31
963,해양생물및해양생태학,2014-08-31
964,해양생물학,2014-08-31
965,해양생태학,2014-08-31
966,고급조사방법론(I.II),2014-08-31
967,고급직업상담.심리학,2014-08-31
968,고급직업정보론(노동시장론포함),2014-08-31
969,노동관계법규,2014-08-31
970,고급통계처리및분석,2014-08-31
971,사회통계,2014-08-31
972,조사방법론(I.II),2014-08-31
973,직업상담.심리학,2014-08-31
974,직업정보론(노동시장론포함),2014-08-31
975,공중보건학,2014-08-31
976,식품학,2014-08-31
977,식품위생관련법규,2014-08-31
978,조리이론및원가계산,2014-08-31
979,상식,2014-08-31
980,한국사,2014-08-31
981,행정법,2014-08-31
982,행정학,2014-08-31
983,경제학,2014-08-31
984,법학,2014-08-31
985,식품위생 및 관련법규,2014-08-31
986,조리이론및원가계산,2014-08-31
987,반도체공학,2014-08-31
988,집적회로설계이론,2014-08-31
989,하드웨어기술언어,2014-08-31
990,회로이론,2014-08-31
991,전자회로설계,2014-08-31
992,마이크로프로세서,2014-08-31
993,프로그래밍언어,2014-08-31
994,방송미디어공학,2014-08-31
995,방송통신시스템,2014-08-31
996,패션마케팅,2014-08-31
997,패션소재기획,2014-08-31
998,유통관리및광고,2014-08-31
999,패션디자인론및의복구성학,2014-08-31
1000,패션정보분석,2014-08-31
1001,항로표지일반,2014-08-31
1002,"전기,전자기초",2014-08-31
1003,"광파,음파표지",2014-08-31
1004,전파표지및시스템이용,2014-08-31
1005,색채심리.마케팅,2014-08-31
1006,색채디자인,2014-08-31
1007,색채관리,2014-08-31
1008,색채지각론,2014-08-31
1009,색채체계론,2014-08-31
1010,색채심리,2014-08-31
1011,색채지각의이해,2014-08-31
1012,색채체계의이해,2014-08-31
1013,판매관리,2014-08-31
1014,시장조사,2014-08-31
1015,텔레마케팅관리,2014-08-31
1016,고객응대,2014-08-31
1017,게임제작개론,2014-08-31
1018,프로그래밍일반,2014-08-31
1019,게임알고리즘,2014-08-31
1020,게임프로그램작성,2014-08-31
1021,그래픽디자인론,2014-08-31
1022,게임그래픽디자인,2014-08-31
1023,게임그래픽제작,2014-08-31
1024,게임시나리오분석,2014-08-31
1025,게임디자인,2014-08-31
1026,게임시스템및연출,2014-08-31
1027,멀티미디어개론,2014-08-31
1028,멀티미디어기획및디자인,2014-08-31
1029,멀티미디어저작,2014-08-31
1030,멀티미디어제작기술,2014-08-31
1031,컨벤션기획실무론,2014-08-31
1032,재무회계론,2014-08-31
1033,컨벤션마케팅,2014-08-31
1034,컨벤션산업론,2014-08-31
1035,호텔.관광실무론,2014-08-31
1036,컨벤션영어,2014-08-31
1037,소비자법과정책,2014-08-31
1038,소비자상담론,2014-08-31
1039,소비자정보관리및조사분석,2014-08-31
1040,소비자상담및피해구제,2014-08-31
1041,소비자관련법,2014-08-31
1042,소비자교육및정보제공,2014-08-31
1043,소비자와시장,2014-08-31
1044,임상심리연구방법론,2014-08-31
1045,고급이상심리학,2014-08-31
1046,고급심리검사,2014-08-31
1047,고급임상심리학,2014-08-31
1048,고급심리치료,2014-08-31
1049,심리학개론,2014-08-31
1050,이상심리학,2014-08-31
1051,심리검사,2014-08-31
1052,임상심리학,2014-08-31
1053,심리상담,2014-08-31
1054,"방사선안전관리,관련규격및컴퓨터활용",2014-08-31
1055,초음파탐상관련규격및컴퓨터활용,2014-08-31
1056,자기탐상관련규격및컴퓨터활용,2014-08-31
1057,침투탐상관련규격및컴퓨터활용,2014-08-31
1058,와전류탐상관련규격및컴퓨터활용,2014-08-31
1059,누설관련규격및컴퓨터활용,2014-08-31
1060,생물공학개론,2014-08-31
1061,기계설계및CAD/CAM,2014-08-31
1062,자수재료와용구및자수재봉틀,2014-08-31
1063,자수재봉틀,2014-08-31
1064,자재관리,2014-08-31
1065,자주및용벽에관한이론,2014-08-31
1066,작도의판정법,2014-08-31
1067,작물병리,2014-08-31
1068,작물보호,2014-08-31
1069,"작물생리,토양학및비료학",2014-08-31
1070,작물생리학,2014-08-31
1071,작물생리학및비료학,2014-08-31
1072,작물육종학,2014-08-31
1073,작물일반,2014-08-31
1074,작업관리,2014-08-31
1075,작업관리일반,2014-08-31
1076,작업연구,2014-08-31
1077,작업용공구기계및안전,2014-08-31
1078,자기탐상시험원리,2014-08-31
1079,자기탐상시험의공업규격과그적용,2014-08-31
1080,자기탐상장치,2014-08-31
1081,자동제어,2014-08-31
1082,"자동제어,초고주파공학,전자재료및통신이론에관한사항",2014-08-31
1083,"자동제어,초고주파공학및통신이론",2014-08-31
1084,자동제어및전자계측,2014-08-31
1085,자동제어및전자응용,2014-08-31
1086,자동제어및전자재료에관한사항,2014-08-31
1087,전기기관차전기장치,2014-08-31
1088,전기기기,2014-08-31
1089,전기기기및전기전자계측,2014-08-31
1090,전기도금,2014-08-31
1091,전기동차전기장치,2014-08-31
1092,전기로조업법,2014-08-31
1093,전기로조작법,2014-08-31
1094,전기및전자계측,2014-08-31
1095,전기및화학설비위험방지기술,2014-08-31
1096,전기배측,2014-08-31
1097,전기설계,2014-08-31
1098,전기설비,2014-08-31
1099,전기설비기술기준,2014-08-31
1100,전기안전관리,2014-08-31
1101,전기위험방지기술,2014-08-31
1102,전기응용,2014-08-31
1103,전기응용및공사재료,2014-08-31
1104,전기이론,2014-08-31
1105,작업위생측정및평가,2014-08-31
1106,작업환경관리,2014-08-31
1107,작업환경관리대책,2014-08-31
1108,작업환경측정및평가,2014-08-31
1109,잠사화학,2014-08-31
1110,자동차검사및안전,2014-08-31
1111,자동차검사및안전관리,2014-08-31
1112,자동차공학,2014-08-31
1113,"자동차공학,공장관리및도로운송차량관계 법규",2014-08-31
1114,"자동차공학,도로운송차량관계법규,내연기관및금속재료에관한사항",2014-08-31
1115,자동차공학및안전관리,2014-08-31
1116,자동차관리관계법규,2014-08-31
1117,자동차구조,2014-08-31
1118,자동차기관,2014-08-31
1119,자동차기관및안전관리,2014-08-31
1120,자동차새시및전기장치,2014-08-31
1121,자동차전기,2014-08-31
1122,자동차전기및안전관리,2014-08-31
1123,자동차정비,2014-08-31
1124,시설및안전관리,2014-08-31
1125,포장기계학및농업기계학,2014-08-31
1126,"자동차정비(새시,기관,전기)",2014-08-31
1127,자동차정비및안전기준,2014-08-31
1128,자동차판금공작법,2014-08-31
1129,자동차판금공작법및안전관리,2014-08-31
1130,전자계산기일반및프로그래밍,2014-08-31
1131,전자계산기조작,2014-08-31
1132,전기일반,2014-08-31
1133,전기자기일반및와전류탐상시험의공업규격,2014-08-31
1134,전기자기학,2014-08-31
1135,전기자기학및와전류탐상시험의공업규격,2014-08-31
1136,잠수물리,2014-08-31
1137,잠수물리및해양학,2014-08-31
1138,잠수위생,2014-08-31
1139,잠수의학및생리학,2014-08-31
1140,잠수일반이론,2014-08-31
1141,잠수작업,2014-08-31
1142,잠수장비,2014-08-31
1143,잠학개론,2014-08-31
1144,잡초방제학,2014-08-31
1145,장법,2014-08-31
1146,장법및용도법,2014-08-31
1147,장신구디자인론,2014-08-31
1148,"장치및공정설계,화학공정제어및반응공학에관한사항",2014-08-31
1149,재료,2014-08-31
1150,재료공학,2014-08-31
1151,재료과학,2014-08-31
1152,재료및모형제작기법,2014-08-31
1153,재료시험,2014-08-31
1154,재료시험법,2014-08-31
1155,재료시험법및공업계측,2014-08-31
1156,재료역학,2014-08-31
1157,재료역학및기계설계,2014-08-31
1158,재료역학및기계열역학,2014-08-31
1159,재배범론,2014-08-31
1160,재배법론,2014-08-31
1161,재배원론,2014-08-31
1162,재배학원론,2014-08-31
1163,재생섬유학,2014-08-31
1164,적산법,2014-08-31
1165,전기계기및방사능계,2014-08-31
1166,전기계측,2014-08-31
1167,"전기계측,전기응용,전기관계법규,전기시설관리및전기재료에관한사항",2014-08-31
1168,전기공사,2014-08-31
1169,전기공사관리,2014-08-31
1170,전기공학,2014-08-31
1171,전기공학(디지탈공학포함),2014-08-31
1172,전기관계법규,2014-08-31
1173,전기관계법규및안전관리,2014-08-31
1174,전기통신관계법규(데이타통신부문),2014-08-31
1175,전기통신관계법규(유선기계부문),2014-08-31
1176,전기통신관계법규(유선선로부문),2014-08-31
1177,전기통신관계법규(유선통신부문),2014-08-31
1178,전기통신관계법규(유선통신부문)설치및유선기기의조립,2014-08-31
1179,전기통신관계법규(유선통신부문)설치및유선기기의조립실기시험유지보,2014-08-31
1180,전기통신관계법규(테이타통신부문),2014-08-31
1181,전기화재경보및가스화재탐지기에관한구조와원리,2014-08-31
1182,전기화학,2014-08-31
1183,전기회로및전기제어,2014-08-31
1184,전동타자기의회로배선,2014-08-31
1185,전력,2014-08-31
1186,전력공학,2014-08-31
1187,"전력공학(발전,변전,송배전)",2014-08-31
1188,"전력설비(발전,변전,송배전)",2014-08-31
1189,전력전자,2014-08-31
1190,전산기초이론,2014-08-31
1191,전산수학,2014-08-31
1192,전산수학일반,2014-08-31
1193,전산응용가공(CAM),2014-08-31
1194,컴퓨터응용설계,2014-08-31
1195,전산전송이론,2014-08-31
1196,전송기기일반,2014-08-31
1197,전송설비기준,2014-08-31
1198,전송이론,2014-08-31
1199,전신기기,2014-08-31
1200,전신전화일반,2014-08-31
1201,전자계산기구조,2014-08-31
1202,전자계산기시스템프로그래밍,2014-08-31
1203,전자계산기일반,2014-08-31
1204,전자계산기일반및기계제작법,2014-08-31
1205,전자계산기일반및무선설비기준,2014-08-31
1206,전자계산기일반및방송설비기준,2014-08-31
1207,전자계산기일반및선로설비기준,2014-08-31
1208,전자계산기일반및유선설비기준,2014-08-31
1209,전자계산기일반및정보설비기준,2014-08-31
1210,정밀계측및기구학,2014-08-31
1211,정밀기계공작법,2014-08-31
1212,정밀측정,2014-08-31
1213,정밀측정및계량기기론,2014-08-31
1214,정밀측정법,2014-08-31
1215,정밀측정법및안전관리,2014-08-31
1216,정보기계설비기준,2014-08-31
1217,정보전송개론,2014-08-31
1218,"산업안전일반,산업안전관계법규및기계안전에관한사항",2014-08-31
1219,정보전송공학,2014-08-31
1220,정보처리일반,2014-08-31
1221,정보통신개론,2014-08-31
1222,정보통신기기,2014-08-31
1223,정보통신망개론,2014-08-31
1224,정보통신설비기준,2014-08-31
1225,정보통신시스템,2014-08-31
1226,정보통신일반,2014-08-31
1227,정보학개론,2014-08-31
1228,제강법,2014-08-31
1229,제과이론,2014-08-31
1230,제과제빵이론,2014-08-31
1231,제관및철골구조물재료,2014-08-31
1232,제관일반,2014-08-31
1233,제관일반및안전관리,2014-08-31
1234,제도,2014-08-31
1235,제도및면적측정,2014-08-31
1236,제련공학,2014-08-31
1237,제빵이론,2014-08-31
1238,제사,2014-08-31
1239,제사원료,2014-08-31
1240,제사원료학,2014-08-31
1241,제사학,2014-08-31
1242,전기자기학및회로이론,2014-08-31
1243,전기자기학일반및자분탐상시험의공업규격,2014-08-31
1244,전기재료,2014-08-31
1245,전기전자공학,2014-08-31
1246,전기전자회로,2014-08-31
1247,전기제도,2014-08-31
1248,전기제어공학,2014-08-31
1249,전기자기학및자분탐상시험의공업규격,2014-08-31
1250,전기제어및배관일반,2014-08-31
1251,전기철도공학,2014-08-31
1252,전기철도구조물공학,2014-08-31
1253,전기통론,2014-08-31
1254,전기통론개요,2014-08-31
1255,전기통론작업,2014-08-31
1256,전기통신관계법규,2014-08-31
1257,제사학및견사방직개론에관한사항,2014-08-31
1258,제선법,2014-08-31
1259,제어공학,2014-08-31
1260,제어기기,2014-08-31
1261,제적,2014-08-31
1262,제지공업,2014-08-31
1263,제지재료,2014-08-31
1264,제지펄프,2014-08-31
1265,제직,2014-08-31
1266,제직및안전관리,2014-08-31
1267,전자기학및회로이론,2014-08-31
1268,전자응용기기,2014-08-31
1269,전자자기학,2014-08-31
1270,전자재료및부품,2014-08-31
1271,전자제도,2014-08-31
1272,전자제도및전자재료,2014-08-31
1273,전자계산기프로그래밍,2014-08-31
1274,전자계측,2014-08-31
1275,전자공학,2014-08-31
1276,전자공학일반,2014-08-31
1277,전자기기,2014-08-31
1278,전자기기및디지탈공학,2014-08-31
1279,전자기기및디지털공학,2014-08-31
1280,전자기기및전자응용,2014-08-31
1281,전자기초이론,2014-08-31
1282,전자기탐상검사,2014-08-31
1283,전자기탐상시험원리,2014-08-31
1284,전자기탐상시험의공업규격,2014-08-31
1285,전자측정,2014-08-31
1286,전자측정및전자응용,2014-08-31
1287,전자회로,2014-08-31
1288,전파관계법규,2014-08-31
1289,절삭재료및요소,2014-08-31
1290,정련표백,2014-08-31
1291,정련표백학,2014-08-31
1292,정밀가공,2014-08-31
1293,정밀가공및공차론,2014-08-31
1294,정밀가공법,2014-08-31
1295,정밀가공법및안전관리,2014-08-31
1296,정밀가공학,2014-08-31
1297,정밀계측,2014-08-31
1298,"정밀계측,정밀가공학,기계진동및금속재료에관한사항",2014-08-31
1299,"정밀계측,정밀가공학및광학기계에관한사항",2014-08-31
1300,정밀계측및공정설계,2014-08-31
1301,기계공정설계,2014-08-31
1302,조경계획개론,2014-08-31
1303,조경계획및설계,2014-08-31
1304,조경관리,2014-08-31
1305,조경관리론,2014-08-31
1306,조경미학,2014-08-31
1307,조경미학및관리론,2014-08-31
1308,조경사,2014-08-31
1309,조경설계,2014-08-31
1310,조경설계및시공,2014-08-31
1311,조경시공,2014-08-31
1312,조경시공구조학,2014-08-31
1313,조경식재,2014-08-31
1314,조류,2014-08-31
1315,조리이론과원가계산,2014-08-31
1316,조림기술,2014-08-31
1317,조림및영림기술,2014-08-31
1318,조림및육림기술,2014-08-31
1319,조림학,2014-08-31
1320,조선공작기계,2014-08-31
1321,조선공작법,2014-08-31
1322,조선공작법및선박동력장치,2014-08-31
1323,조선공학개론,2014-08-31
1324,조선공학개론및박용기관설비규정,2014-08-31
1325,조선공학개론및선박기관,2014-08-31
1326,조선요철,2014-08-31
1327,조선유체역학,2014-08-31
1328,조선유체역학및재료역학,2014-08-31
1329,조선재료,2014-08-31
1330,조선재료(선체),2014-08-31
1331,조선재료(의장),2014-08-31
1332,조선제도,2014-08-31
1333,조원관리,2014-08-31
1334,조원미,2014-08-31
1335,조원및조경,2014-08-31
1336,조원사,2014-08-31
1337,조원설계,2014-08-31
1338,조원수목,2014-08-31
1339,조원시설물및시공,2014-08-31
1340,조원의개념,2014-08-31
1341,조원재료,2014-08-31
1342,조원학,2014-08-31
1343,조율,2014-08-31
1344,조적구조,2014-08-31
1345,조적시공,2014-08-31
1346,조적시공및재료,2014-08-31
1347,조직주소,2014-08-31
1348,조판설비및재료,2014-08-31
1349,중기관계법규,2014-08-31
1350,중기관리법규에관한지식,2014-08-31
1351,"중기의구조및기능(구조에관한지식,조종장치취급에관한지식)",2014-08-31
1352,"중기의정비방법(고장분별에관한지식,예방정비에관한지식)",2014-08-31
1353,중기일반,2014-08-31
1354,중기전기,2014-08-31
1355,중기정비,2014-08-31
1356,중기정비및안전관리,2014-08-31
1357,영사기와 필름의 구조원리,2014-08-31
1358,"지그,공구의다듬질가공법및안전관리",2014-08-31
1359,지그및공구의다듬질가공법,2014-08-31
1360,지도도식규정,2014-08-31
1361,지도제도및도식규정,2014-08-31
1362,지도편집법,2014-08-31
1363,지붕구조,2014-08-31
1364,지적공부정리,2014-08-31
1365,지적관계법규,2014-08-31
1366,지적관계법규및제도적산에관한사항,2014-08-31
1367,지적법규,2014-08-31
1368,지적측량,2014-08-31
1369,지적측량개론,2014-08-31
1370,지적학,2014-08-31
1371,지적학개론,2014-08-31
1372,지적학일반,2014-08-31
1373,지주및축벽에관한이론,2014-08-31
1374,지주및측벽에관한이론,2014-08-31
1375,지주법,2014-08-31
1376,지질공학,2014-08-31
1377,지질해양학,2014-08-31
1378,조판재료,2014-08-31
1379,지하수오염방지,2014-08-31
1380,제직학,2014-08-31
1381,제직학및편성학,2014-08-31
1382,"제판,인쇄재료",2014-08-31
1383,제판개론,2014-08-31
1384,제판기계,2014-08-31
1385,제판및색분해론,2014-08-31
1386,제판및설비제도,2014-08-31
1387,제판작업론,2014-08-31
1388,제판재료,2014-08-31
1389,제판재료학,2014-08-31
1390,제품관리,2014-08-31
1391,제품디자인론,2014-08-31
1392,조경계획,2014-08-31
1393,철도차량기계장치,2014-08-31
1394,철도차량전기장치,2014-08-31
1395,철도차량제동장치,2014-08-31
1396,철야금,2014-08-31
1397,체분작업,2014-08-31
1398,초음파탐상검사,2014-08-31
1399,초음파탐상관련규격,2014-08-31
1400,자수일반,2014-08-31
1401,자수재료,2014-08-31
1402,기초영어,2014-08-31
1403,금속재료및재료시험,2014-08-31
1404,노동법,2014-08-31
1405,콘크리트재료및배합,2014-08-31
1406,"콘크리트제조,시험및품질관리",2014-08-31
1407,콘크리트의시공,2014-08-31
1408,콘크리트구조및유지관리,2014-08-31
1409,토양학,2014-08-31
1410,비료학,2014-08-31
1411,식물영양학,2014-08-31
1412,재배학원론,2014-08-31
1413,분석화학 일반,2014-08-31
1414,계통분류학,2014-08-31
1415,환경생태학,2014-08-31
1416,형태학,2014-08-31
1417,보전 및 자원생물학,2014-08-31
1418,자연환경관계법규,2014-08-31
1419,환경생태학 개론,2014-08-31
1420,환경계획학,2014-08-31
1421,생태복원공학,2014-08-31
1422,경관생태학,2014-08-31
1423,자연환경관계법규,2014-08-31
1424,토양환경학 개론,2014-08-31
1425,토양오염공정시험 방법,2014-08-31
1426,토양 및 지하수 오염정화 및 복구기술,2014-08-31
1427,토양 및 지하수 환경관계법,2014-08-31
1428,콘크리트 재료 및 배합,2014-08-31
1429,"콘크리트 제조, 시험 및 품질관리",2014-08-31
1430,콘크리트의 시공,2014-08-31
1431,콘크리트 구조 및 유지관리,2014-08-31
1432,토양학,2014-08-31
1433,비료학,2014-08-31
1434,재배학원론,2014-08-31
1435,분석화학기초,2014-08-31
1436,환경생태학 개론,2014-08-31
1437,환경학개론,2014-08-31
1438,생태복원공학,2014-08-31
1439,생태조사방법론,2014-08-31
1440,산업안전관리론,2014-08-31
1441,일반기계공학,2014-08-31
1442,화학공학개론,2014-08-31
1443,건축일반,2014-08-31
1444,물리학,2014-08-31
1445,궤도장비정비,2014-08-31
1446,유압공학,2014-08-31
1447,열역학,2014-08-31
1448,내연기관공학,2014-08-31
1449,일반기계공학 및 안전,2014-08-31
1450,궤도장비정비,2014-08-31
1451,유압공학,2014-08-31
1452,내연기관공학,2014-08-31
1453,일반기계공학 및 안전,2014-08-31
1454,토양비옥도 및 관리,2014-08-31
1455,유기농업개론,2014-08-31
1456,유기식품 가공 유통론,2014-08-31
1457,유기농업관련 규정,2014-08-31
1458,화훼장식디자인 및 제작론,2014-08-31
1459,화훼장식학,2014-08-31
1460,화훼품질유지 및 관리론,2014-08-31
1461,화훼유통 및 경영론,2014-08-31
1462,화훼재료 및 형태학,2014-08-31
1463,인간공학 개론,2014-08-31
1464,작업생리학,2014-08-31
1465,산업심리학 및 관련법규,2014-08-31
1466,근골격계질환예방을 위한 작업관리,2014-08-31
1467,광산환경일반,2014-08-31
1468,사면 및 굴착공학,2014-08-31
1469,오염탐지공학,2014-08-31
1470,환경지구화학,2014-08-31
1471,스포츠경영론,2014-08-31
1472,스포츠산업론,2014-08-31
1473,스포츠마케팅론,2014-08-31
1474,스포츠시설론,2014-08-31
1475,SMT공학,2014-08-31
1476,SOLDER 공학,2014-08-31
1477,메카트로닉스 일반,2014-08-31
1478,공유압,2014-08-31
1479,재료역학,2014-08-31
1480,기계설계 및 기계재료,2014-08-31
1481,기구학 및 CAD,2014-08-31
1482,기계설계 및 기계재료,2014-08-31
1483,기계제도 및 CNC공작법,2014-08-31
1484,"판금제관재료,공구및기계",2014-08-31
1485,판금제관공작법,2014-08-31
1486,기계제도및용접일반,2014-08-31
1487,기계가공법 및 안전관리,2014-08-31
1488,기계가공법및안전관리,2014-08-31
1489,컴퓨터응용가공,2014-08-31
1490,기계제도및CNC공작법,2014-08-31
1491,용접야금 및 용접설비제도,2014-08-31
1492,기계제도,2014-08-31
1493,PC운영체제 및 기초공학,2014-08-31
1494,자동제어,2014-08-31
1495,자동화시스템,2014-08-31
1496,산업설비제도및적산,2014-08-31
1497,배관설비재료 및 시공,2014-08-31
1498,메카트로닉스,2014-08-31
1499,실험계획법,2014-08-31
1500,통계적품질관리,2014-08-31
1501,생산시스템,2014-08-31
1502,품질경영,2014-08-31
1503,토지정보체계론,2014-08-31
1504,산림공학,2014-08-31
1505,설비진단 및 계측,2014-08-31
1506,설비관리,2014-08-31
1507,기계일반 및 기계보전,2014-08-31
1508,윤활관리,2014-08-31
1509,공유압 및 자동화,2014-08-31
1510,SMT공학,2014-08-31
1511,솔더링공학,2014-08-31
1512,공유압,2014-08-31
1513,일반화학,2014-08-31
1514,분석화학,2014-08-31
1515,기기분석I,2014-08-31
1516,기기분석II,2014-08-31
1517,반도체공학,2014-08-31
1518,전자회로,2014-08-31
1519,논리회로,2014-08-31
1520,집적회로 설계이론,2014-08-31
1521,계통분류학,2014-08-31
1522,환경생태학,2014-08-31
1523,형태학,2014-08-31
1524,보전 및 자원생물학,2014-08-31
1525,자연환경관계법규,2014-08-31
1526,섬유재료학,2014-08-31
1527,방적 및 제직학,2014-08-31
1528,합성섬유학,2014-08-31
1529,염색 및 가공학,2014-08-31
1530,섬유시험법,2014-08-31
1531,설비진단 및 관리,2014-08-31
1532,기계정비일반,2014-08-31
1533,분석화학 및 기기분석,2014-08-31
1534,화약류관련법규 및 안전,2014-08-31
1535,공업화학개론,2014-08-31
1536,섬유일반,2014-08-31
1537,도시계획론,2014-08-31
1538,도시개발론,2014-08-31
1539,수학,2014-08-31
1540,전산학,2014-08-31
1541,교육학,2014-08-31
1542,법학,2014-08-31
1543,교육학,2014-08-31
1544,기계,2014-08-31
1545,조선,2014-08-31
1546,건축구조,2014-08-31
1547,품질관리·경영,2014-08-31
1548,국토개발,2014-08-31
1549,행정학,2014-08-31
1550,경영학 또는 중소기업학,2014-08-31
1551,소방(안전관리)학,2014-08-31
1552,문화재보존학 또는 한국건축학,2014-08-31
1553,법학 또는 부동산학,2014-08-31
1554,법학 또는 회계학,2014-08-31
1555,무역학 또는 물류학,2014-08-31
1556,기초의학및의공학,2014-08-31
1557,의용전자공학,2014-08-31
1558,의용기계공학,2014-08-31
1559,의료기기,2014-08-31
1560,의료안전·법규및정보,2014-08-31
1561,금형및공구제작가공법및안전관리,2014-08-31
1562,금형설계,2014-08-31
1563,금형설계및CAD/CAM,2014-08-31
1564,금형재료,2014-08-31
1565,금형재료및공유압,2014-08-31
1566,금형재료및요소,2014-08-31
1567,금형재료및정밀계측,2014-08-31
1568,기계제작법및CAD/CAM,2014-08-31
1569,기계제작법및기계동력학,2014-08-31
1570,기계조립작업,2014-08-31
1571,기관의장,2014-08-31
1572,기구학,2014-08-31
1573,기기분석,2014-08-31
1574,기상관측법,2014-08-31
1575,기상학개론,2014-08-31
1576,기어절삭가공법,2014-08-31
1577,기어절삭가동법및안전관리,2014-08-31
1578,기와시공,2014-08-31
1579,초음파탐상시험방법,2014-08-31
1580,초음파탐상시험법,2014-08-31
1581,초음파탐상시험원리,2014-08-31
1582,원예생산시설과관리,2014-08-31
1583,원예작물의번식,2014-08-31
1584,원예작물의육묘,2014-08-31
1585,원예작물의채종,2014-08-31
1586,원예작물일반,2014-08-31
1587,원예작물학,2014-08-31
1588,원예학일반,2014-08-31
1589,원자력관계법규,2014-08-31
1590,원자로공학,2014-08-31
1591,원자로이론및동위원소이용에관한사항,2014-08-31
1592,원자물리및핵물리,2014-08-31
1593,원형제작,2014-08-31
1594,위생공학,2014-08-31
1595,위생관계법규,2014-08-31
1596,위생법규,2014-08-31
1597,위생설비,2014-08-31
1598,위생화학,2014-08-31
1599,위험물의성질과취급,2014-08-31
1600,"온도계,점도계,밀도계,농도계,비중계,부피계및열량계",2014-08-31
1601,"온도계,점도계,밀도계,농도계,비중계,부피계및열량계에관한이론",2014-08-31
1602,유통경제,2014-08-31
1603,유화공장및약품관리,2014-08-31
1604,유화기기,2014-08-31
1605,육림,2014-08-31
1606,육묘방법과관리,2014-08-31
1607,육종학,2014-08-31
1608,윤활,2014-08-31
1609,윤활<삭제>,2014-08-31
1610,윤활공학,2014-08-31
1611,음향영상기기,2014-08-31
1612,음향학및정음,2014-08-31
1613,음향학및조율,2014-08-31
1614,음향학의기초,2014-08-31
1615,분리기기조작,2014-08-31
1616,분석기기,2014-08-31
1617,조선공학법,2014-08-31
1618,조선공학일반,2014-08-31
1619,응용역학,2014-08-31
1620,응용역학및토목제도,2014-08-31
1621,응용조원,2014-08-31
1622,응용측량,2014-08-31
1623,응용통계,2014-08-31
1624,응용통계학,2014-08-31
1625,응용통계학및수치해석,2014-08-31
1626,응용화학,2014-08-31
1627,의류상품학및복식문화사,2014-08-31
1628,의복구성기초이론,2014-08-31
1629,의복재료학,2014-08-31
1630,위험물의성질및취급,2014-08-31
1631,위험물의성질및취급방법,2014-08-31
1632,위험물의종류및성질,2014-08-31
1633,위험물취급방법,2014-08-31
1634,유기가공장치기계,2014-08-31
1635,유기가공장치및기계,2014-08-31
1636,유기공업화학,2014-08-31
1637,유기합성,2014-08-31
1638,유기화학,2014-08-31
1639,"유기화학공,무기화학공업및고분자화학공업에관한사항",2014-08-31
1640,유기화학공업및무기화학공업에관한사항,2014-08-31
1641,유리공업일반,2014-08-31
1642,유리성형기계및가공기계,2014-08-31
1643,유리성형및가공,2014-08-31
1644,유리시공,2014-08-31
1645,와전류탐상시험원리,2014-08-31
1646,와전류탐상시험의공업규격과그적용,2014-08-31
1647,와전류탐상장치,2014-08-31
1648,요업계산,2014-08-31
1649,요업계산법,2014-08-31
1650,요업공정,2014-08-31
1651,자기탐상검사,2014-08-31
1652,자기탐상관련규격,2014-08-31
1653,자기탐상법(시험편사용법을포함한다),2014-08-31
1654,자기탐상시험법,2014-08-31
1655,의상제도,2014-08-31
1656,의장도안,2014-08-31
1657,의장론,2014-08-31
1658,의장제도,2014-08-31
1659,의장학기초,2014-08-31
1660,이동지정리,2014-08-31
1661,이상기체및실제기체,2014-08-31
1662,이용이론,2014-08-31
1663,인간공학,2014-08-31
1664,"인간공학,재료및모형제작법",2014-08-31
1665,인간공학및시스템안전공학,2014-08-31
1666,인삼가공및보존,2014-08-31
1667,인삼및인삼제품,2014-08-31
1668,인삼재배,2014-08-31
1669,"인쇄,출판학",2014-08-31
1670,인쇄개론,2014-08-31
1671,인쇄공학,2014-08-31
1672,유선기기,2014-08-31
1673,유선방송설비기준,2014-08-31
1674,유선방송일반,2014-08-31
1675,유선선로개요,2014-08-31
1676,유선통신공학,2014-08-31
1677,유선통신기계개요,2014-08-31
1678,유선통신기계측정,2014-08-31
1679,유선통신기기,2014-08-31
1680,유선통신반송개요,2014-08-31
1681,유선통신발송개요,2014-08-31
1682,유선통신선로개요,2014-08-31
1683,유선통신시스템,2014-08-31
1684,유선통신측정,2014-08-31
1685,유안제조,2014-08-31
1686,유압기기및건설기계안전관리,2014-08-31
1687,유압기기및건설기계일반,2014-08-31
1688,유압일반,2014-08-31
1689,유지,2014-08-31
1690,유체기계,2014-08-31
1691,유체역학,2014-08-31
1692,유체역학(가스부문),2014-08-31
1693,유체역학(기계부문),2014-08-31
1694,유체역학(조선부문),2014-08-31
1695,유체역학및일반물리학,2014-08-31
1696,유체의수송및수송장치,2014-08-31
1697,자동제어및제어기기,2014-08-31
1698,자동제어응용,2014-08-31
1699,자동차검사,2014-08-31
1700,인쇄기계론및품질관리,2014-08-31
1701,인쇄기계일반,2014-08-31
1702,인쇄기론,2014-08-31
1703,인쇄기조작법,2014-08-31
1704,인쇄및사진기법,2014-08-31
1705,인쇄사진,2014-08-31
1706,인쇄사진기계,2014-08-31
1707,인쇄색채학,2014-08-31
1708,인쇄작업론,2014-08-31
1709,인쇄재료,2014-08-31
1710,인쇄재료학,2014-08-31
1711,인쇄재현및품질관리,2014-08-31
1712,인쇄화학,2014-08-31
1713,인장공예기법,2014-08-31
1714,인장에관련된법규,2014-08-31
1715,인장에관련된제반법규,2014-08-31
1716,인장학일반,2014-08-31
1717,인조섬유학,2014-08-31
1718,일기분석및예보론,2014-08-31
1719,일반광물,2014-08-31
1720,일반기계,2014-08-31
1721,일반기계공학,2014-08-31
1722,일반물리학,2014-08-31
1723,일반수학,2014-08-31
1724,일반야금학,2014-08-31
1725,일반전기공학및일반기계공학에관한사항,2014-08-31
1726,일반전기공학및일반기계에관한사항,2014-08-31
1727,"일반전자공학,전기응용,전기관계법규,전기시설관리,고전압...",2014-08-31
1728,일반주조,2014-08-31
1729,일반화약학,2014-08-31
1730,일반화학,2014-08-31
1731,일진기계공학,2014-08-31
1732,임도공학,2014-08-31
1733,임목육종학,2014-08-31
1734,임산제조,2014-08-31
1735,임산제조학,2014-08-31
1736,임산학,2014-08-31
1737,임업경영,2014-08-31
1738,임업경영학,2014-08-31
1739,임업기계일반,2014-08-31
1740,임업기계학,2014-08-31
1741,임업기계학및목재채취,2014-08-31
1742,임업육종,2014-08-31
1743,자동차화재탐지설비및소방기관에통보하는...,2014-08-31
1744,자동화시스템및시퀀스제어,2014-08-31
1745,자동화시스템및시퀸스제어,2014-08-31
1746,자동화재탐지설비및소방기관에통보하는...,2014-08-31
1747,자료구조,2014-08-31
1748,자료구조론,2014-08-31
1749,자료구조및데이타통신,2014-08-31
1750,자료구조및시스템프로그래밍,2014-08-31
1751,자료구조및어셈블리프로그래밍,2014-08-31
1752,자료구조일반,2014-08-31
1753,자료처리일반,2014-08-31
1754,자분탐상법,2014-08-31
1755,자분탐상시험법,2014-08-31
1756,자수재료와용구,2014-08-31
1757,폐기물개론,2014-08-31
1758,"산업안전일반,산업안전관계법규및전기안전에관한사항",2014-08-31
1759,"산업안전일반,산업안전관계법규및화공안전에관한사항",2014-08-31
1760,산업위생학,2014-08-31
1761,산업위생학개론,2014-08-31
1762,산업중독학개론,2014-08-31
1763,산업환기,2014-08-31
1764,산업환기기술,2014-08-31
1765,건축도장시공,2014-08-31
1766,건축법규,2014-08-31
1767,건축설계,2014-08-31
1768,건축설비,2014-08-31
1769,건축설비관계법규,2014-08-31
1770,건축시공,2014-08-31
1771,건축시공및재료,2014-08-31
1772,건축시공및적산,2014-08-31
1773,건축일반,2014-08-31
1774,건축재료,2014-08-31
1775,건축제도,2014-08-31
1776,건축환경,2014-08-31
1777,검색시스템,2014-08-31
1778,견사공학,2014-08-31
1779,견섬유가공학,2014-08-31
1780,경제성공학,2014-08-31
1781,경제성공학(가치공학포함),2014-08-31
1782,계량계측공학,2014-08-31
1783,계량관계법규,2014-08-31
1784,계량관계법규및국제단위계,2014-08-31
1785,계량기개론및계량계측공학,2014-08-31
1786,계량에관한기초지식,2014-08-31
1787,계장공사,2014-08-31
1788,계장제어시스템,2014-08-31
1789,계측기기.배관일반 및 에너지이용합리화법 등 관계법규,2014-08-31
1790,계측방법,2014-08-31
1791,계획이론,2014-08-31
1792,고무가공장치기계,2014-08-31
1793,고무공업화학,2014-08-31
1794,고무의가공장치및기계,2014-08-31
1795,"고무의배합,가공및성형",2014-08-31
1796,"고무의배합,가공및시험",2014-08-31
1797,고분자공업화학,2014-08-31
1798,고분자화학,2014-08-31
1799,고압가수관계법규,2014-08-31
1800,고압가스관계법규,2014-08-31
1801,고압가스관계법규,2014-08-31
1802,고압가스기계,2014-08-31
1803,고압가스기계및냉동,2014-08-31
1804,고압가스냉동기계,2014-08-31
1805,고압가스안전관리,2014-08-31
1806,고압가스의제조및화학반응,2014-08-31
1807,고압가스장치및설비,2014-08-31
1808,고압가스재료,2014-08-31
1809,고압가스취급및관계법규,2014-08-31
1810,고압가스취급법및법규,2014-08-31
1811,고압가스화학,2014-08-31
1812,고압합성반응,2014-08-31
1813,공기조화,2014-08-31
1814,공기조화설비,2014-08-31
1815,공업계측,2014-08-31
1816,공업계측및전기전자제어,2014-08-31
1817,공업계측및전기전자계측,2014-08-31
1818,"CAD,공업계측및전기,전자제어",2014-08-31
1819,CAD/CAM,2014-08-31
1820,CAD/CAM기초및기계제작법,2014-08-31
1821,CAD/CAM및계측공학,2014-08-31
1822,CAD/CAM및정밀측정,2014-08-31
1823,CAD및공업디자인론,2014-08-31
1824,CAD및공차론,2014-08-31
1825,NC기계가공법및안전관리,2014-08-31
1826,가공법,2014-08-31
1827,가공학,2014-08-31
1828,가구공작법,2014-08-31
1829,가구도장시공,2014-08-31
1830,가구의장,2014-08-31
1831,가구재료,2014-08-31
1832,가구제도,2014-08-31
1833,가마및연소,2014-08-31
1834,가발기기,2014-08-31
1835,가발의개념,2014-08-31
1836,가발의원료지식,2014-08-31
1837,가발의일반적공학,2014-08-31
1838,가스계측기기,2014-08-31
1839,가스관계법규,2014-08-31
1840,가스설비,2014-08-31
1841,가스안전관리,2014-08-31
1842,가스유체역학,2014-08-31
1843,가스의액화,2014-08-31
1844,가스일반및연소,2014-08-31
1845,가열,2014-08-31
1846,가열<삭제>,2014-08-31
1847,가죽공업화학,2014-08-31
1848,가죽염색,2014-08-31
1849,가죽처리,2014-08-31
1850,가죽처리기계기구,2014-08-31
1851,가죽처리및염색,2014-08-31
1852,가죽처리약품,2014-08-31
1853,가축번식생리학,2014-08-31
1854,가축번식육종학,2014-08-31
1855,가축사양학,2014-08-31
1856,가축육종학,2014-08-31
1857,각종채소의병충해와농약,2014-08-31
1858,각종채소의생리,2014-08-31
1859,각종채소의육모법,2014-08-31
1860,각종채소의일반및특수제조,2014-08-31
1861,각종채소의종자관리,2014-08-31
1862,각종타자기의개조지식,2014-08-31
1863,각종타자기의기능별장치의연관관계와보호관리,2014-08-31
1864,각종타자기의설계도,2014-08-31
1865,간단한세공이론,2014-08-31
1866,개발공학,2014-08-31
1867,개항작업,2014-08-31
1868,객화차검수,2014-08-31
1869,객화차검수및보수규정,2014-08-31
1870,객화차기계및제동장치,2014-08-31
1871,객화차기계장치,2014-08-31
1872,객화차보수규정,2014-08-31
1873,객화차장치,2014-08-31
1874,"객화차장치(기계,제동)",2014-08-31
1875,객화차전기장치,2014-08-31
1876,객화차제동장치,2014-08-31
1877,거푸집시공,2014-08-31
1878,건설기계일반,2014-08-31
1879,건설기계일반및건설관계법규,2014-08-31
1880,건설기계일반및기계제작법,2014-08-31
1881,조선공학일반및축계장치,2014-08-31
1882,"길이계,각도계및점척기에관한이론...",2014-08-31
1883,"길이계,각도계및접척기에관한이론,저울검위형및섬도분동에관한이론",2014-08-31
1884,건설기계정비,2014-08-31
1885,건설시공,2014-08-31
1886,"길이계,각도계,넓이계,입도계,굴절도계,내화도계,시간계및속도계이론",2014-08-31
1887,"해양퇴적학,해류총론,해양상태학및수산자원학에관한사항",2014-08-31
1888,해양학,2014-08-31
1889,해양학개론,2014-08-31
1890,해양화학,2014-08-31
1891,해조류양식,2014-08-31
1892,해양퇴적및지질,2014-08-31
1893,핵분리,2014-08-31
1894,핵재료공학및동위원소이용,2014-08-31
1895,핵화학공학,2014-08-31
1896,"형,평삭가공및안전관리",2014-08-31
1897,형평삭가공법,2014-08-31
1898,호텔관리개론,2014-08-31
1899,혼합조작,2014-08-31
1900,홍삼제조관계법규,2014-08-31
1901,화공계측,2014-08-31
1902,화공기술,2014-08-31
1903,화공열역학,2014-08-31
1904,화공장치운전및보수,2014-08-31
1905,화공제도,2014-08-31
1906,화단조성,2014-08-31
1907,화물운송,2014-08-31
1908,화물취급절차,2014-08-31
1909,화약,2014-08-31
1910,화약류단속관계법규,2014-08-31
1911,화약류제조학,2014-08-31
1912,화약및발파,2014-08-31
1913,화약및발파학,2014-08-31
1914,화재예방과소화방법,2014-08-31
1915,화재예방및소화방법,2014-08-31
1916,공업화학,2014-08-31
1917,화학공업양론,2014-08-31
1918,화학공업통론,2014-08-31
1919,화학공학통론,2014-08-31
1920,화학기계,2014-08-31
1921,화학기재,2014-08-31
1922,화학분석,2014-08-31
1923,화학설비위험방지기술,2014-08-31
1924,화학섬유,2014-08-31
1925,화학섬유및안전관리,2014-08-31
1926,화학섬유및편직에관한사항,2014-08-31
1927,화학해양학,2014-08-31
1928,화훼원예,2014-08-31
1929,화훼원예학,2014-08-31
1930,기초전기일반,2014-08-31
1931,기초지식,2014-08-31
1932,기초통계,2014-08-31
1933,기초통계일반,2014-08-31
1934,기초화학,2014-08-31
1935,기타조원에필요한지식,2014-08-31
1936,기하광학,2014-08-31
1937,기후학,2014-08-31
1938,"길이계,각도계,넓이계,입도계,굴절도계,내화도계,시간계및속도계",2014-08-31
1939,시설관리,2014-08-31
1940,문선,2014-08-31
1941,문선작업,2014-08-31
1942,문신,2014-08-31
1943,문자도안법및전사법,2014-08-31
1944,문자의역사와인장사,2014-08-31
1945,물류관리,2014-08-31
1946,라디오텔레비의조립및수리작업,2014-08-31
1947,레이저광학,2014-08-31
1948,렌즈광원 및 녹음재생,2014-08-31
1949,마이크로그래픽스시스템,2014-08-31
1950,마이크로그래픽스작성,2014-08-31
1951,마이크로전자계산기,2014-08-31
1952,마이크로프로세서및디지탈공학,2014-08-31
1953,마이크로프로세서응용,2014-08-31
1954,"메카니즘,시스템설계및메카트로닉스공학",2014-08-31
1955,메카트로닉스기기,2014-08-31
1956,면방적,2014-08-31
1957,모조보석에관한일반이론,2014-08-31
1958,모형제작론,2014-08-31
1959,모형제작론및유통경제,2014-08-31
1960,목공기기,2014-08-31
1961,목공술,2014-08-31
1962,목공예기법,2014-08-31
1963,목공예기법및안전관리,2014-08-31
1964,목공예안전,2014-08-31
1965,목공예자료,2014-08-31
1966,목공예재료,2014-08-31
1967,목공작업및시공,2014-08-31
1968,목공작업및재료,2014-08-31
1969,목공재료,2014-08-31
1970,목구조,2014-08-31
1971,목구조시공,2014-08-31
1972,목도법,2014-08-31
1973,물리적유해인자관리,2014-08-31
1974,물리전자공학,2014-08-31
1975,물리전자및재료,2014-08-31
1976,물리탐광결과처리,2014-08-31
1977,물리탐광기계,2014-08-31
1978,물리탐광작업,2014-08-31
1979,물리학,2014-08-31
1980,물리해양학,2014-08-31
1981,물리화학,2014-08-31
1982,미기상학,2014-08-31
1983,미생물공학,2014-08-31
1984,미생물학,2014-08-31
1985,미용이론,2014-08-31
1986,"미장,타일시공및재료",2014-08-31
1987,미장시공,2014-08-31
1988,"밀도계,농도계,비중계,부피계및유량계",2014-08-31
1989,밀링가공법,2014-08-31
1990,밀링가공법및안전관리,2014-08-31
1991,"박용기관,선박계산,조선공작법",2014-08-31
1992,"박용기관,선박보기,선박동력설계및선체의장에관한사항",2014-08-31
1993,"박용기관,선박설계,용접및공학에관한사항",2014-08-31
1994,박용기관및박용보기,2014-08-31
1995,반도체회로,2014-08-31
1996,반석기기,2014-08-31
1997,반응공학,2014-08-31
1998,반응공학및공정제어에관한사항,2014-08-31
1999,반응기기,2014-08-31
2000,반응화학,2014-08-31
2001,발변전설비,2014-08-31
2002,발전기,2014-08-31
2003,발전기계설비,2014-08-31
2004,"발전설비,변전설비,전기관계법규,전기응용및계측에관한사항",2014-08-31
2005,발전전기설비,2014-08-31
2006,발파,2014-08-31
2007,발파공학,2014-08-31
2008,발효화학,2014-08-31
2009,방사공학,2014-08-31
2010,방사선안전관리,2014-08-31
2011,목형재료,2014-08-31
2012,목형제작법,2014-08-31
2013,무기공업화학,2014-08-31
2014,"무기공업화학,유기공업화학및분석화학에관한사항",2014-08-31
2015,무기재료공업,2014-08-31
2016,보석의장,2014-08-31
2017,보석일반,2014-08-31
2018,보석재료,2014-08-31
2019,보석재료및가공기법,2014-08-31
2020,보오링가공법,2014-08-31
2021,보오링가공법및안전관리,2014-08-31
2022,보온및방수,2014-08-31
2023,보일러및냉동기,2014-08-31
2024,보일러설비및구조,2014-08-31
2025,"보일러시공,취급및안전관리",2014-08-31
2026,보조제,2014-08-31
2027,보통선반가공법,2014-08-31
2028,보통선반가공법및안전관리,2014-08-31
2029,복식문화사,2014-08-31
2030,복식의장 및 복식문화사,2014-08-31
2031,복장미학,2014-08-31
2032,복장미학일반,2014-08-31
2033,방사선안전관리개론및관계법규,2014-08-31
2034,방사선안전관리및관계법규,2014-08-31
2035,방사선안전관리및관련규격,2014-08-31
2036,방사선안전관리및방사선투과시험의공업규격,2014-08-31
2037,방사선측정,2014-08-31
2038,방사선투과검사,2014-08-31
2039,복제판,2014-08-31
2040,방사선투과시험법,2014-08-31
2041,방사선투과시험원리,2014-08-31
2042,방사선투과시험의공업규격과그적용,2014-08-31
2043,방사선투과시험의공업규격및방사선안전,2014-08-31
2044,방사화학,2014-08-31
2045,방송미디어개론,2014-08-31
2046,방송통신기기,2014-08-31
2047,방수시공,2014-08-31
2048,방수재료,2014-08-31
2049,방적,2014-08-31
2050,방적및안전관리,2014-08-31
2051,방적및제직,2014-08-31
2052,방적학,2014-08-31
2053,배관공작,2014-08-31
2054,배관공작및재료,2014-08-31
2055,배관공학,2014-08-31
2056,배관공학및안전관리,2014-08-31
2057,배관및공기조화설비,2014-08-31
2058,배관설비공학,2014-08-31
2059,물리및화학,2014-08-31
2060,산업심리및교육(인간공학),2014-08-31
2061,산업안전,2014-08-31
2062,"산업안전공학(운반공학,방화및방폭공학,기계전기및화공안전공학)",2014-08-31
2063,분쇄기이론,2014-08-31
2064,분쇄조작,2014-08-31
2065,"불연성가스소화설비,증발성액체소화설비및분말소화설비에관한구조와원리",2014-08-31
2066,붙여넣기,2014-08-31
2067,비계시공,2014-08-31
2068,"비료,토양및농약화학에관한사항",2014-08-31
2069,비료토양,2014-08-31
2070,비료학,2014-08-31
2071,비료학및잡초방제학,2014-08-31
2072,비차괴검사개론,2014-08-31
2073,비철금속제련,2014-08-31
2074,비철금속제련학,2014-08-31
2075,비철야금,2014-08-31
2076,비철재료학,2014-08-31
2077,비철제련,2014-08-31
2078,비철제련학,2014-08-31
2079,비파괴검사개론,2014-08-31
2080,비파괴시험법,2014-08-31
2081,사료작물학,2014-08-31
2082,사료작물학및초지학,2014-08-31
2083,사무경영관리개론,2014-08-31
2084,사무관리개론,2014-08-31
2085,배관설비시공및설비제도,2014-08-31
2086,배관시공및안전관리,2014-08-31
2087,배관일반,2014-08-31
2088,배관재료,2014-08-31
2089,배양공학,2014-08-31
2090,버섯재배법,2014-08-31
2091,버섯종균제조에관한법규,2014-08-31
2092,변전설비,2014-08-31
2093,병충해방제와안전재배,2014-08-31
2094,병충해와농약,2014-08-31
2095,보건물리및원자력관계법규,2014-08-31
2096,보건물리및원자로운전과안전,2014-08-31
2097,보석가공,2014-08-31
2098,보석가공이론,2014-08-31
2099,보석감별및감정,2014-08-31
2100,보석감정,2014-08-31
2101,보석감정법,2014-08-31
2102,보석광물이론,2014-08-31
2103,보석연마및세공이론,2014-08-31
2104,삽화제작법,2014-08-31
2105,상변태론,2014-08-31
2106,상평형및열역학,2014-08-31
2107,상하수도계획,2014-08-31
2108,상하수도공학,2014-08-31
2109,색채,2014-08-31
2110,색채론,2014-08-31
2111,색채및구성이론,2014-08-31
2112,색채및디자인론,2014-08-31
2113,사무자동화기술,2014-08-31
2114,사무자동화시스템,2014-08-31
2115,사무정보기기,2014-08-31
2116,사방공학,2014-08-31
2117,사진광학,2014-08-31
2118,사진기계론,2014-08-31
2119,사진및인쇄제판론,2014-08-31
2120,사진사,2014-08-31
2121,사진식자,2014-08-31
2122,사진작업론,2014-08-31
2123,사진재료,2014-08-31
2124,사진재료론,2014-08-31
2125,사진제판공학,2014-08-31
2126,사진제판론,2014-08-31
2127,사진촬영,2014-08-31
2128,사진측량 및 지리정보시스템,2014-08-31
2129,사진측량일반,2014-08-31
2130,사진판독,2014-08-31
2131,사진학개론,2014-08-31
2132,사진화학,2014-08-31
2133,사출금형가공법,2014-08-31
2134,사출금형가공법및안전관리,2014-08-31
2135,"산림경리학,수병학및산림평가학에관한사항",2014-08-31
2136,산림보호,2014-08-31
2137,산림보호학,2014-08-31
2138,산림보호학및산림관계법규,2014-08-31
2139,산림생산공학,2014-08-31
2140,산림측량학,2014-08-31
2141,산림토목,2014-08-31
2142,산림토목학,2014-08-31
2143,산림해충,2014-08-31
2144,산업독성학,2014-08-31
2145,산업디자인론,2014-08-31
2146,과목없음,2014-08-31
2147,제1과제,2014-08-31
2148,제2과제,2014-08-31
2149,제3과제,2014-08-31
2150,제4과제,2014-08-31
2151,제5과제,2014-08-31
2152,그외과제,2014-08-31
2153,영역1,2014-08-31
2154,영역2,2014-08-31
2155,영역3,2014-08-31
2156,영역4,2014-08-31
2157,영역5,2014-08-31
2158,대표과목,2014-08-31
2159,DUMMY,2014-08-31
2160,근로기준법,2014-08-31
2161,최저임금법,2014-08-31
2162,임금채권보장법,2014-08-31
2163,근로자퇴직급여보장법,2014-08-31
2164,기간제및단시간근로자보호등에관한법률,2014-08-31
2165,식품위생학,2014-08-31
2166,식품제조기계,2014-08-31
2167,식품학,2014-08-31
2168,식품화학,2014-08-31
2169,신뢰성공학,2014-08-31
2170,신뢰성관리,2014-08-31
2171,신문광고식별법,2014-08-31
2172,신호공학,2014-08-31
2173,신호관계법규,2014-08-31
2174,오퍼레이션리서치,2014-08-31
2175,오퍼레이션리서치및프로그레밍언어,2014-08-31
2176,"옥내소화전설비,스프링크라설비,연결살수설비,물분무소화설비",2014-08-31
2177,"옥내소화전설비,스프링크라설비,연결살수설비,물분무소화설비및옥외소화",2014-08-31
2178,옥내외배선,2014-08-31
2179,옥내외배선및안전관리,2014-08-31
2180,"온도계,점도계,밀도계,농도계,비중계,부피계및역량계에관한이론",2014-08-31
2181,어업관리론,2014-08-31
2182,어업기기,2014-08-31
2183,어업기기학,2014-08-31
2184,어업생물및수산자원학,2014-08-31
2185,어업정보론,2014-08-31
2186,어업제도및수산관계법규,2014-08-31
2187,어업제도및수산법규,2014-08-31
2188,어장학,2014-08-31
2189,어패류기생충학,2014-08-31
2190,어패류병리학,2014-08-31
2191,어패류약리학,2014-08-31
2192,에너지및물질수지,2014-08-31
2193,에너지이용합리화관계법규,2014-08-31
2194,여객운송,2014-08-31
2195,여객운송취급,2014-08-31
2196,연동장치,2014-08-31
2197,연등장치,2014-08-31
2198,연료,2014-08-31
2199,연료공학,2014-08-31
2200,연료및윤활,2014-08-31
2201,연삭가공법,2014-08-31
2202,연삭가공법및안전관리,2014-08-31
2203,연소공학,2014-08-31
2204,연소공학개론,2014-08-31
2205,연소및소성이론,2014-08-31
2206,연소및폭발,2014-08-31
2207,연소이론,2014-08-31
2208,연판,2014-08-31
2209,열과증기,2014-08-31
2210,"열과증기,열정산및계측방법",2014-08-31
2211,열관리개론및열관리관계법규,2014-08-31
2212,열관리관계법규,2014-08-31
2213,열기기요소,2014-08-31
2214,열기기의재료및부식,2014-08-31
2215,"온도계,점도계,밀도계,농도계,비중계,열량계및부피계에관한이론",2014-08-31
2216,"온도계,점도계,밀도계,농도계,비중계및열량계에관한이론",2014-08-31
2217,"온도계,점도계및열량계",2014-08-31
2218,"온도계,접도계,밀도계,농도계,비중계및열량계에관한이론",2014-08-31
2219,"온도계및습도계에관한이론,역량계,일계,공률계및압력계에관한이론",2014-08-31
2220,"온도계및습도계에관한이론,역량계,일계,공율계및압력계에관한이론",2014-08-31
2221,온돌구조,2014-08-31
2222,온돌및구멍탄용보일러구조,2014-08-31
2223,온동시공,2014-08-31
2224,옵셋인쇄,2014-08-31
2225,와전류시험법,2014-08-31
2226,와전류시험편(시험편사용법),2014-08-31
2227,와전류탐상검사,2014-08-31
2228,와전류탐상관련규격,2014-08-31
2229,와전류탐상시험법,2014-08-31
2230,"열동력,기계재료,기계진동및기계공작법에관한사항",2014-08-31
2231,열부하계산법,2014-08-31
2232,열설비및로재,2014-08-31
2233,열설비설계,2014-08-31
2234,열설비재료및관계법규,2014-08-31
2235,열설비재료및설계,2014-08-31
2236,열역학,2014-08-31
2237,열역학및내연기관,2014-08-31
2238,열유체공학,2014-08-31
2239,열전달,2014-08-31
2240,열차운전,2014-08-31
2241,열차운행조작,2014-08-31
2242,염색,2014-08-31
2243,염색가공일반,2014-08-31
2244,염색학,2014-08-31
2245,염색학및가공학,2014-08-31
2246,영사기의구조및원리,2014-08-31
2247,영상및음향기기,2014-08-31
2248,영양과원가계산,2014-08-31
2249,영양학,2014-08-31
2250,영양화학및발효학,2014-08-31
2251,요업원료,2014-08-31
2252,요업제도,2014-08-31
2253,요업체,2014-08-31
2254,용업기술개론,2014-08-31
2255,용접,2014-08-31
2256,용접공학,2014-08-31
2257,용접공학및구조설계,2014-08-31
2258,용접공학및분말야공학,2014-08-31
2259,용접구조설계,2014-08-31
2260,용접기술개론,2014-08-31
2261,용접기술기론,2014-08-31
2262,용접기술일반,2014-08-31
2263,용접및로보트공학,2014-08-31
2264,용접시공및기초설계,2014-08-31
2265,용접야금,2014-08-31
2266,용접일반,2014-08-31
2267,용접일반및안전관리,2014-08-31
2268,용접재료,2014-08-31
2269,운영체제,2014-08-31
2270,원동기,2014-08-31
2271,원동기구조,2014-08-31
2272,원동기구조학,2014-08-31
2273,원동기단속관계법규,2014-08-31
2274,화훼의번식,2014-08-31
2275,화훼의분류,2014-08-31
2276,해양수산법규,2014-08-31
2277,조사방법론(I),2014-08-31
2278,조사방법론(II),2014-08-31
2279,제2과제(선택),2014-08-31
2280,상담사교육및사례지도,2014-08-31
2281,청소년관련법과행정,2014-08-31
2282,상담연구방법론의실제,2014-08-31
2283,비행상담,2014-08-31
2284,성상담,2014-08-31
2285,약물상담,2014-08-31
2286,위기상담,2014-08-31
2287,청소년상담의이론과실제,2014-08-31
2288,상담연구방법론의기초,2014-08-31
2289,심리측정평가의활용,2014-08-31
2290,이상심리,2014-08-31
2291,진로상담,2014-08-31
2292,집단상담,2014-08-31
2293,가족상담,2014-08-31
2294,학업상담,2014-08-31
2295,발달심리,2014-08-31
2296,집단상담의기초,2014-08-31
2297,심리측정및평가,2014-08-31
2298,상담이론,2014-08-31
2299,학습이론,2014-08-31
2300,청소년이해론,2014-08-31
2301,청소년수련활동론,2014-08-31
2302,수질오염공정시험기준,2014-08-31
2303,복식의장및한국복식문화사,2014-08-31
2304,지리정보시스템,2014-08-31
2305,태양광발전시스템운영,2014-08-31
2306,신재생에너지관련법규,2014-08-31
2307,정보보안일반,2014-08-31
2308,정보보안관리 및 법규,2014-08-31
2309,행정법,2014-08-31
2310,그린전동자동차 측정과 시험평가,2014-08-31
2311,그린전동자동차 사양설계 및 성능평가,2014-08-31
2312,온실가스관리 실무,2014-08-31
2313,초음파탐상검사 원리,2014-08-31
2314,열역학 및 연소관리,2014-08-31
2315,계측 및 에너지 진단,2014-08-31
2316,초음파탐상검사 시험,2014-08-31
2317,초음파탐상검사 규격,2014-08-31
2318,자기탐상검사 원리,2014-08-31
2319,자기탐상검사 시험,2014-08-31
2320,자기탐상검사 규격,2014-08-31
2321,침투탐상검사 원리,2014-08-31
2322,침투탐상검사 시험,2014-08-31
2323,침투탐상검사 규격,2014-08-31
2324,와전류탐상검사 원리,2014-08-31
2325,와전류탐상검사 시험,2014-08-31
2326,와전류탐상검사 규격,2014-08-31
2327,누설검사 원리,2014-08-31
2328,누설검사 시험,2014-08-31
2329,누설검사 규격,2014-08-31
2330,방사선투과검사 원리 및 규격,2014-08-31
2331,토양학개론,2014-08-31
2332,해양자원학,2014-08-31
2333,광학계측과 광학평가,2014-08-31
2334,노동시장론,2014-08-31
2335,유전공학개론,2014-08-31
2336,생명과학,2014-08-31
2337,생화학,2014-08-31
2338,광학일반,2014-08-31
2339,식품제조공정,2014-08-31
2340,일반기상학,2014-08-31
2341,기초전기전자,2014-08-31
2342,보건의료관광행정,2014-08-31
2343,보건의료서비스지원관리,2014-08-31
2344,의학용어 및 질환의 이해,2014-08-31
2345,임베디드플랫폼,2014-08-31
2346,방수유지관리,2014-08-31
2347,방수시공 실무,2014-08-31
2348,어플리케이션보안,2014-08-31
2349,정보보안 실무,2014-08-31
2350,행정절차론(「행정절차법」포함),2014-08-31
2351,그린전동자동차공학,2014-08-31
2352,온실가스 배출의 이해,2014-08-31
2353,온실가스 산정과 데이터 품질관리,2014-08-31
2354,온실가스 감축관리,2014-08-31
2355,온실가스관련 법규,2014-08-31
2356,에너지관리취급 실무,2014-08-31
2357,초음파 탐상검사 원리 및 규격,2014-08-31
2358,자기탐상검사 원리 및 규격,2014-08-31
2359,침투탐상검사 원리 및 규격,2014-08-31
2360,원자력기초,2014-08-31
2361,핵연료와 핵화학공학,2014-08-31
2362,원자력계통공학,2014-08-31
2363,원자로 안전과 운전,2014-08-31
2364,방사선이용 및 보건물리,2014-08-31
2365,소방전기 일반,2014-08-31
2366,어업어장정보론,2014-08-31
2367,고급조사방법론(I),2014-08-31
2368,고급조사방법론(II),2014-08-31
2369,선박건조학 및 선박동력장치,2014-08-31
2370,회계학,2014-08-31
2371,관세평가,2014-08-31
2372,단위조작 및 화학공업양론,2014-08-31
2373,실기(소방안전교육사),2014-08-31
2374,태양광발전시스템설계,2014-08-31
2375,증거물관리 및 법과학,2014-08-31
2376,행정학개론(지방자치행정 포함),2014-08-31
2377,민법(계약),2014-08-31
2378,식품위생 및 관련 법규,2014-08-31
2379,"해사실무법(「선박안전법」,「해운법」,「해상교통안전법」,「해양사고의 조사 및 심판에 관한 법률」)",2014-08-31
2380,초음파탐상시험의공업규격,2014-08-31
2381,지하수일반,2014-08-31
2382,지하수학,2014-08-31
2383,지형,2014-08-31
2384,지형측량,2014-08-31
2385,조형심리학,2014-08-31
2386,종묘감별법,2014-08-31
2387,종묘생산,2014-08-31
2388,종묘생산학,2014-08-31
2389,종묘제조법,2014-08-31
2390,종자관련법규,2014-08-31
2391,종자및양묘,2014-08-31
2392,종자생산학,2014-08-31
2393,종자생산학및종자법규,2014-08-31
2394,"주강,주물주조작업법",2014-08-31
2395,주강주물주조작업법,2014-08-31
2396,주물사및주형재료,2014-08-31
2397,주물사처리,2014-08-31
2398,주물용해작업,2014-08-31
2399,주물용해작업법,2014-08-31
2400,주장관리개론,2014-08-31
2401,주조공학,2014-08-31
2402,"주조공학,금속가공학,금속표면처리및선광학에관한사항",2014-08-31
2403,주조공학및원형제작,2014-08-31
2404,주조작업일반,2014-08-31
2405,주천용해작업법,2014-08-31
2406,"주철,주물주조작업",2014-08-31
2407,"주철,주물주조조작업법",2014-08-31
2408,주철용해작업법,2014-08-31
2409,주철주물주조작업법,2014-08-31
2410,"주파수계,소음계및전기계기에관한이론",2014-08-31
2411,주파수계및소음계,2014-08-31
2412,죽세종류,2014-08-31
2413,중기검사,2014-08-31
2414,중기검사및안전관리,2014-08-31
2415,직물일반,2014-08-31
2416,직물조직,2014-08-31
2417,직포품질관리,2014-08-31
2418,진동방지기술,2014-08-31
2419,"질량계,압력계,공률계,역량계및시험기",2014-08-31
2420,"질량계,압력계,공율계,역율계및시험기에관한이론",2014-08-31
2421,집성재및파티클보드,2014-08-31
2422,착색및접착,2014-08-31
2423,착암일반,2014-08-31
2424,창호시공및재료,2014-08-31
2425,창호제작,2014-08-31
2426,채광학,2014-08-31
2427,채광학(항내),2014-08-31
2428,채광학(항외),2014-08-31
2429,채굴,2014-08-31
2430,채분작업,2014-08-31
2431,채소원예,2014-08-31
2432,채소원예학,2014-08-31
2433,천기분석및예보론,2014-08-31
2434,천연보석과합성보석의감정법,2014-08-31
2435,천연보석에관한일반이론,2014-08-31
2436,철강업처리,2014-08-31
2437,철강열처리,2014-08-31
2438,철강재료학,2014-08-31
2439,철강제련,2014-08-31
2440,철강제련학,2014-08-31
2441,철골구조,2014-08-31
2442,철골구조물공작법,2014-08-31
2443,철골구조물공작법및안전관리,2014-08-31
2444,철골및철근콘크리트,2014-08-31
2445,"철골및철근콘크리트,토질역학,토목시공및관리에관한사항",2014-08-31
2446,철골조시공,2014-08-31
2447,철근콘크리이트,2014-08-31
2448,철근콘크리이트조시공,2014-08-31
2449,철근콘크리트,2014-08-31
2450,철근콘크리트및강구조,2014-08-31
2451,철도공학,2014-08-31
2452,철도구조물,2014-08-31
2453,철도및궤도일반,2014-08-31
2454,철도보선관계법규,2014-08-31
2455,철도안전관리,2014-08-31
2456,철도운전관계법규,2014-08-31
2457,철도차량공학,2014-08-31
2458,철도차량관계법규,2014-08-31
2459,침투탐상법,2014-08-31
2460,침투탐상법(시험편사용법을포함한다),2014-08-31
2461,침투탐상시험법,2014-08-31
2462,침투탐상시험법의공업규격,2014-08-31
2463,침투탐상시험법의공업규격과그적용,2014-08-31
2464,침투탐상시험원리,2014-08-31
2465,침투탐상시험의공업규격,2014-08-31
2466,침투탐상시험의공업규격과그적용,2014-08-31
2467,침투탐상장치,2014-08-31
2468,컴퓨터그래픽스,2014-08-31
2469,컴퓨터언어개요,2014-08-31
2470,케이블선로공학,2014-08-31
2471,케이블선로일반,2014-08-31
2472,코크스제조,2014-08-31
2473,콘크리이트시공법,2014-08-31
2474,콘크리이트포장,2014-08-31
2475,콘크리트공학,2014-08-31
2476,콘크리트재료시험,2014-08-31
2477,콘크리트포장,2014-08-31
2478,타일시공,2014-08-31
2479,타출판금공작법,2014-08-31
2480,타출판금공작법및안전관리,2014-08-31
2481,탐광일반,2014-08-31
2482,탐사공학,2014-08-31
2483,탐사일반,2014-08-31
2484,토목시공,2014-08-31
2485,토목시공및관리,2014-08-31
2486,토목시공학,2014-08-31
2487,토목재료,2014-08-31
2488,토목재료및시공,2014-08-31
2489,토목제도,2014-08-31
2490,토양비료,2014-08-31
2491,토양학,2014-08-31
2492,"토양학,비료학및잡초방제학",2014-08-31
2493,토양학및비료학,2014-08-31
2494,토지이용계획,2014-08-31
2495,토질,2014-08-31
2496,토질및기초,2014-08-31
2497,토질역학및토목시공및관리에관한사항,2014-08-31
2498,통계방법론,2014-08-31
2499,직물가공,2014-08-31
2500,직물가공및안전관리,2014-08-31
2501,직물분해및설계,2014-08-31
2502,직물분해설계,2014-08-31
2503,직물시험법,2014-08-31
2504,포스터의효율적인표현법,2014-08-31
2505,포장공학,2014-08-31
2506,"포장기계,포장시험및유통경제",2014-08-31
2507,"포장기계,포장시험및유통경제에관한사항",2014-08-31
2508,포장기계및시험,2014-08-31
2509,포장기계학및농산기계학,2014-08-31
2510,포장기법,2014-08-31
2511,포장디자인,2014-08-31
2512,포장시험및평가,2014-08-31
2513,포장일반,2014-08-31
2514,포장재료,2014-08-31
2515,표면처리,2014-08-31
2516,표준검사편의사용법,2014-08-31
2517,품질경영,2014-08-31
2518,품질관리,2014-08-31
2519,품질관리개론,2014-08-31
2520,품질관리일반,2014-08-31
2521,통계적품질관리,2014-08-31
2522,통신보안,2014-08-31
2523,통신영어,2014-08-31
2524,축산학개론,2014-08-31
2525,초음파탐상시험의공업규격과그적용,2014-08-31
2526,축요,2014-08-31
2527,출판편집학,2014-08-31
2528,측량관계법규,2014-08-31
2529,측량학,2014-08-31
2530,초음파탐상장치,2014-08-31
2531,촬영기구,2014-08-31
2532,축산경영학,2014-08-31
2533,측수,2014-08-31
2534,측정및검사법,2014-08-31
2535,측지학 및 위성측위시스템,2014-08-31
2536,층서학,2014-08-31
2537,치공구및공업디자인,2014-08-31
2538,치공구및측정,2014-08-31
2539,치공구설계,2014-08-31
2540,치공구재료 및 정밀계측,2014-08-31
2541,치공구재료및정밀계측,2014-08-31
2542,침염,2014-08-31
2543,침투상시험법,2014-08-31
2544,침투탐상검사,2014-08-31
2545,침투탐상관련규격,2014-08-31
2546,침투탐상및누설검사,2014-08-31
2547,침투탐상및누설시험원리,2014-08-31
2548,침투탐상및누설시험의공업규격,2014-08-31
2549,해양수리학,2014-08-31
2550,통신영어및교통지리,2014-08-31
2551,통신제도,2014-08-31
2552,통신측정,2014-08-31
2553,통조림제조학,2014-08-31
2554,통조림학,2014-08-31
2555,트랙터및작업기계,2014-08-31
2556,특수도금,2014-08-31
2557,특수인쇄론,2014-08-31
2558,특수인쇄학,2014-08-31
2559,특수제판,2014-08-31
2560,특수주조,2014-08-31
2561,파동광학,2014-08-31
2562,파분쇄,2014-08-31
2563,파쇄이론,2014-08-31
2564,판금공작법,2014-08-31
2565,판금공작법및안전관리,2014-08-31
2566,판금용공구기계및안전관리,2014-08-31
2567,판금재료,2014-08-31
2568,판금제관공작법,2014-08-31
2569,판금제관재료,2014-08-31
2570,판연마및빛쬠,2014-08-31
2571,패세공법,2014-08-31
2572,패션디자인론,2014-08-31
2573,패턴공학및의복구성학,2014-08-31
2574,펄프공업,2014-08-31
2575,펄프및제지공업,2014-08-31
2576,펄프및제지기계,2014-08-31
2577,펄프제지기계,2014-08-31
2578,펄프제지학,2014-08-31
2579,편물,2014-08-31
2580,편물구조,2014-08-31
2581,편물구조와재료,2014-08-31
2582,편물일반,2014-08-31
2583,편물재료,2014-08-31
2584,편성학,2014-08-31
2585,편직기,2014-08-31
2586,평요판제판,2014-08-31
2587,평판및특수인쇄론,2014-08-31
2588,평판인쇄론,2014-08-31
2589,평형상태도,2014-08-31
2590,포장재료및시험,2021-02-05
2591,전기설비기술기준,2021-12-27
2592,공기압,2021-12-28
2593,로봇드라이버설계,2022-03-22
2594,로봇제어부설계,2022-03-22
2595,로봇 센서 및 신호처리,2022-03-22
2596,로봇시스템 통합 및 시험평가,2022-03-22
2597,식육과학,2022-03-22
2598,축산식품 관련 법규 및 규정,2022-03-22
2599,제품저장 및 유통학,2022-03-22
2600,농작업과 안전보건교육,2022-03-22
2601,농작업 안전관리,2022-03-22
2602,농작업 보건관리,2022-03-22
2603,농작업 안전생활,2022-03-22
2604,로봇기구사양설계,2022-03-22
2605,로봇기구설계,2022-03-22
2606,로봇기구해석,2022-03-22
2607,로봇통합 및 시험,2022-03-22
2608,로봇운영소프트웨어,2022-03-22
2609,로봇운동해석,2022-03-22
2610,로봇소프트웨어구조설계,2022-03-22
2611,모션소프트웨어,2022-03-22
2612,지능소프트웨어,2022-03-22
2613,재난관리,2022-03-22
2614,방재시설,2022-03-22
2615,재해분석,2022-03-22
2616,재해대책,2022-03-22
2617,방재사업,2022-03-22
2618,유해성 확인 및 독성평가,2022-03-22
2619,유해화학물질안전관리,2022-03-22
2620,노출평가,2022-03-22
2621,위해성평가,2022-03-22
2622,위해도 결정 및 관리,2022-03-22
2623,공업합성,2022-03-22
2624,반응운전,2022-03-22
2625,단위공정관리,2022-03-22
2626,정밀화학제품관리,2022-03-22
2627,신발 기획 및 디자인,2020-10-14
2628,신발 설계,2020-10-14
2629,신발견본 개발,2020-10-14
2630,위생안전관리,2022-08-26
2631,제과점관리,2022-08-26
2632,제과류 제품제조,2022-08-26
2633,빵류 제품제조,2022-08-26
2634,선박기본설계,2023-01-06
2635,선체구조 설계,2023-01-06
2636,화학의 이해와 환경안전관리,2023-01-06
2637,프레스금형제작,2023-01-06
2638,조적미장시공,2023-01-06
2639,타일석공시공,2023-01-06
2640,시각디자인 제작,2023-01-06
2641,토양특성 및 관리,2023-01-06
2642,열설비운전,2023-01-06
2643,의류품질관리,2023-01-06
2644,측량 및 토질,2023-01-06
2645,열설비설치,2023-01-06
2646,통계분석과 활용,2023-01-06
2647,조직운영 및 성과관리,2023-01-06
2648,선형설계 및 계산,2023-01-06
2649,패션소재,2023-01-06
2650,프레스금형설계,2023-01-06
2651,분석계획수립과 분석화학기초,2023-01-06
2652,화학물질구조 및 표면분석,2023-01-06
2653,의류패턴제작,2023-01-06
2654,프레스금형측정 및 재료,2023-01-06
2655,건축일반시공계획,2023-01-06
2656,목공마감시공,2023-01-06
2657,공간정보 분석,2023-01-06
2658,시각디자인 조사·분석,2023-01-06
2659,종자생산과 법규,2023-01-06
2660,귀금속주조,2023-01-06
2661,조사방법과 설계,2023-01-06
2662,마케팅관리,2023-01-06
2663,선체해석,2023-01-06
2664,기장 및 선박배관설계,2023-01-06
2665,건축목공시공계획,2023-01-06
2666,재배,2023-01-06
2667,건축설비 관련법규,2023-01-06
2668,열설비안전관리 및 검사기준,2023-01-06
2669,조사관리와 자료처리,2023-01-06
2670,대기물리학,2023-01-06
2671,의류생산공정관리,2023-01-06
2672,사출금형측정 및 재료,2023-01-06
2673,건축설비계획,2023-01-06
2674,귀금속 및 보석재료,2023-01-06
2675,선실 및 전장설계,2023-01-06
2676,사출금형설계,2023-01-06
2677,사출금형제작,2023-01-06
2678,구조설계,2023-01-06
2679,공간정보 융합콘텐츠 개발,2023-01-06
2680,시각디자인 기획구상,2023-01-06
2681,육종,2023-01-06
2682,귀금속디자인,2023-01-06
2683,시장환경조사,2023-01-06
2684,철의장 설계,2023-01-06
2685,패션상품생산기획,2023-01-06
2686,수자원설계,2023-01-06
2687,목공구조물시공,2023-01-06
2688,공간정보서비스 프로그래밍,2023-01-06
2689,건축설비설계,2023-01-06
2690,귀금속가공,2023-01-06
2691,열 및 연소설비,2023-01-06
2692,실내디자인 색채 및 사용자 행태분석,2022-04-01
2693,화공계측제어,2022-04-01
2694,소음진동 계획,2022-04-01
2695,소음측정 및 분석,2022-04-01
2696,진동 측정 및 분석,2022-04-01
2697,소음진동 평가 및 대책,2022-04-01
2698,건설기계일반 및 플랜트배관,2022-04-01
2699,고객관리,2022-04-01
2700,봉제과학,2022-04-01
2701,소방및전기설비,2022-04-01
2702,축산경영학 및 축산물가공학,2022-04-01
2703,측지학 및 위성측위시스템(GNSS),2022-04-01
2704,의복설계학,2022-04-01
2705,패션트렌드 분석,2020-08-07
2706,패션상품 디자인기획,2020-08-07
2707,샘플패턴 제작,2020-08-07
2708,시제품 개발,2020-08-07
2709,3D프린터 회로 및 기구,2020-08-07
2710,3D프린터 장치,2020-08-07
2711,3D프린터 프로그램,2020-08-07
2712,3D프린터 교정 및 유지보수,2020-08-07
2713,가구재료,2020-08-07
2714,가구기획설계,2020-08-07
2715,가구제작,2020-08-07
2716,광전자기초,2020-08-07
2717,배양준비,2020-08-07
2718,배양 및 회수,2020-08-07
2719,바이오화학제품품질관리,2020-08-07
2720,바이오화학제품환경시설관리,2020-08-07
2721,버섯종균,2020-08-07
2722,버섯배지,2020-08-07
2723,버섯생육환경,2020-08-07
2724,버섯병해충,2020-08-07
2725,보석 특성,2020-08-07
2726,보석 감별,2020-08-07
2727,다이아몬드 감정,2020-08-07
2728,주얼리디자인기획,2020-08-07
2729,주얼리디자인개발,2020-08-07
2730,주얼리디자인그래픽스,2020-08-07
2731,주얼리머천다이징,2020-08-07
2732,자동차엔진,2020-08-07
2733,자동차섀시,2020-08-07
2734,조리이론및급식관리,2020-08-07
2735,지리정보시스템(GIS) 및 위성측위시스템(GNSS),2020-08-07
2736,패션상품기획,2020-08-07
2737,패션상품개발기획,2020-08-07
2738,패션상품판매전략,2020-08-07
2739,화약류안전관리관계법규,2020-08-07
2740,화훼장식기획 및 매장관리,2020-08-07
2741,화훼장식 상품제작,2020-08-07
2742,화훼디자인,2020-08-07
2743,일식조리,2021-12-22
2744,치공구 조립,2021-12-22
2745,기계·공구 조립,2021-12-22
2746,전기장치 조립,2021-12-22
2747,공기조화 설비,2021-12-22
2748,냉동냉장 설비,2021-12-22
2749,공조냉동 설치·운영,2021-12-22
2750,생태환경 조사,2021-12-22
2751,생태복원 설계,2021-12-22
2752,생태복원 시공,2021-12-22
2753,생태복원 사후관리,2021-12-22
2754,정보시스템 기반 기술,2021-12-22
2755,프로그래밍언어 활용,2021-12-22
2756,데이터베이스 활용,2021-12-22
2757,위생 및 안전관리,2021-12-22
2758,식재료 관리 및 외식 경영,2021-12-22
2759,한식조리,2021-12-22
2760,복어조리,2021-12-22
2761,실내디자인 계획,2021-12-22
2762,실내디자인 시공 및 재료,2021-12-22
2763,실내디자인 환경,2021-12-22
2764,원형설계,2021-12-22
2765,자동차 엔진정비,2021-12-22
2766,자동차 섀시정비,2021-12-22
2767,자동차 전기·전자 장치 정비,2021-12-22
2768,친환경 자동차 정비,2021-12-22
2769,태양광발전 사전검토,2021-12-22
2770,태양광발전시스템 구성·선정,2021-12-22
2771,태양광발전 시공,2021-12-22
2772,태양광발전 유지·관리,2021-12-22
2773,도면 해독 및 측정,2021-12-22
2774,CAM 프로그래밍,2021-12-22
2775,컴퓨터수치제어(CNC) 절삭가공,2021-12-22
2776,조경 계획 및 설계,2021-12-22
2777,조경식재 시공,2021-12-22
2778,조경시설물 시공,2021-12-22
2779,조경 관리,2021-12-22
2780,중식조리,2021-12-22
2781,양식조리,2021-12-22
2782,기계요소 설계,2021-12-22
2783,기계재료 및 측정,2021-12-22
2784,배양준비,2022-03-22
2785,배양생산,2022-03-22
2786,분리·정제,2022-03-22
2787,전환·중합,2022-03-22
2788,바이오화학제품품질관리,2022-03-22
2789,화학분석과정관리,2022-03-22
2790,화학물질특성분석,2022-03-22
2791,화학물질구조분석,2022-03-22
2792,시험법벨리데이션,2022-03-22
2793,환경안전관리,2022-03-22
2794,소프트웨어설계,2022-03-22
2795,소프트웨어개발,2022-03-22
2796,데이터베이스구축,2022-03-22
2797,프로그래밍언어활용,2022-03-22
2798,정보시스템구축관리,2022-03-22
2799,태양광발전기획,2022-03-22
2800,태양광발전설계,2022-03-22
2801,태양광발전시공,2022-03-22
2802,태양광발전운영,2022-03-22
2803,물류관리및유통시험,2022-03-22
2804,철도차량 설계,2022-03-22
2805,철도차량 구조,2022-03-22
2806,철도차량 제어,2022-03-22
2807,철도차량 검사 및 시험,2022-03-22
2808,컨벤션 기획,2022-03-22
2809,컨벤션 운영,2022-03-22
2810,부대행사 기획·운영,2022-03-22
2811,에너지 관리,2022-03-22
2812,공조냉동 설계,2022-03-22
2813,시운전 및 안전관리,2022-03-22
2814,유지보수 공사관리,2022-03-22
2815,수경재배학,2022-03-22
2816,생태환경 조사분석,2022-03-22
2817,생태복원 계획,2022-03-22
2818,생태복원 설계·시공,2022-03-22
2819,생태복원 사후관리·평가,2022-03-22
2820,원예학개론,2022-03-22
2821,축산식품관련 규정,2022-05-02
2822,식품가공학,2022-05-06
2823,폐기물공정시험방법,2014-08-31
2824,폐기물공정시험법,2014-08-31
2825,폐기물관계법규,2014-08-31
2826,폐기물소각및열회수,2014-08-31
2827,폐기물처리기술,2014-08-31
2828,폐수처리공학,2014-08-31
2829,포말소화설비에관한구조와원리,2014-08-31
2830,건설시공및관리,2014-08-31
2831,건설시공학,2014-08-31
2832,건설안전공학,2014-08-31
2833,건설안전기술,2014-08-31
2834,건설안전에관한사항,2014-08-31
2835,건설재료및시공,2014-08-31
2836,건설재료및시험,2014-08-31
2837,건설재료학,2014-08-31
2838,건조,2014-08-31
2839,건축계획,2014-08-31
2840,건축계획각론,2014-08-31
2841,건축관계법규,2014-08-31
2842,건축구조,2014-08-31
2843,상품성평가(수산),2014-08-31
2844,상품성평가(축산),2014-08-31
2845,상품성평가(화훼),2014-08-31
2846,상품성평가(약용),2014-08-31
2847,상품성평가(양곡),2014-08-31
2848,수산질병학,2014-08-31
2849,수산자원학 및 어업관리학,2014-08-31
2850,고급직업상담학,2014-08-31
2851,고급직업심리학,2014-08-31
2852,고급직업정보론,2014-08-31
2853,제1과제(한식),2014-08-31
2854,노동법,2014-08-31
2855,민사소송법,2014-08-31
2856,"배관,계측,에너지진단및관련법규",2014-08-31
2857,소음진동공정시험기준,2014-08-31
2858,문화재관련법령,2014-08-31
2859,원예작물학,2014-08-31
2860,수확후의품질관리론,2014-08-31
2861,자동차새시,2014-08-31
2862,사진측량 및 원격탐사,2014-08-31
2863,감정일반,2014-08-31
2864,현미경조직 및 분석평가기술,2014-08-31
2865,광기구,2014-08-31
2866,보건의료관광실무,2014-08-31
2867,임베디드펌웨어,2014-08-31
2868,시스템보안,2014-08-31
2869,네트워크보안,2014-08-31
2870,"행정사실무법(행정심판사례, 「비송사건절차법」)",2014-08-31
2871,열설비 구조 및 시공,2014-08-31
2872,열설비 취급 및 안전관리,2014-08-31
2873,유체기계 및 유압기기,2014-08-31
2874,야금공학,2014-08-31
2875,해조류양식학,2014-08-31
2876,디지털공학,2014-08-31
2877,기하광학 및 광학기기,2014-08-31
2878,직업상담학,2014-08-31
2879,직업심리학,2014-08-31
2880,직업정보론,2014-08-31
2881,수리학및수문학,2014-08-31
2882,경영학개론,2014-08-31
2883,한복구성학,2014-08-31
2884,노동법1교시(2차),2014-08-31
2885,노동법2교시(2차),2014-08-31
2886,"조적, 미장, 타일시공 및 재료",2014-08-31
2887,일기해석,2014-08-31
2888,기상통계,2014-08-31
2889,화재조사관계법규 및 피해평가,2014-08-31
2890,민법(총칙),2014-08-31
2891,"사무관리론(「민원사무처리에 관한 법률」,「사무관리규정」포함)",2014-08-31
2892,기후변화개론,2014-08-31
2893,그린전동자동차 배터리,2014-08-31
2894,그린전동자동차 구동성능,2014-08-31
2895,파견근로자보호등에관한법률,2014-08-31
2896,산업안전보건법,2014-08-31
2897,노동조합및노동관계조정법,2014-08-31
2898,노동위원회법,2014-08-31
2899,근로자참여및협력증진에관한법률,2014-08-31
2900,고용보험법,2014-08-31
2901,근로자직업능력개발법,2014-08-31
2902,직업안정법,2014-08-31
2903,남녀고용평등과일가정양립지원에관한법률,2014-08-31
2904,공단내규,2014-08-31
2905,관련법규,2014-08-31
2906,표면공학,2014-08-31
2907,토양 및 지하수 오염조사기술,2014-08-31
2908,토양 및 지하수 오염정화기술,2014-08-31
2909,토양 및 지하수환경관계법규,2014-08-31
2910,어류양식학,2014-08-31
2911,양식장환경,2014-08-31
2912,전기설비기술기준 및 판단기준,2014-08-31
2913,선박건조공학 및 선박동력장치,2014-08-31
2914,소방유체역학,2014-08-31
2915,폐기물공정시험기준(방법),2014-08-31
2916,지리정보시스템 및 위성측위시스템,2014-08-31
2917,조직평가시험기기 운영관리,2014-08-31
2918,공통필수Ⅰ(산업안전보건법령),2014-08-31
2919,공통필수Ⅱ(산업안전일반),2014-08-31
2920,공통필수Ⅲ(기업진단ㆍ지도),2014-08-31
2921,전공필수(기계안전공학),2014-08-31
2922,전공필수(전기안전공학),2014-08-31
2923,전공필수(화공안전공학),2014-08-31
2924,전공필수(건설안전공학),2014-08-31
2925,공통필수Ⅰ(산업안전보건법령),2014-08-31
2926,공통필수Ⅱ(산업위생일반),2014-08-31
2927,공통필수Ⅲ(기업진단ㆍ지도),2014-08-31
2928,전공필수(직업환경의학),2014-08-31
2929,전공필수(산업위생공학),2014-08-31
2930,관광서비스지원관리,2014-08-31
2931,태양광발전시스템시공,2014-08-31
2932,화재조사론,2014-08-31
2933,화재감식론,2014-08-31
2934,화재조사보고 및 피해평가,2014-08-31
2935,화재조사관계법규,2014-08-31
2936,화재감식 실무,2014-08-31
2937,방수일반,2014-08-31
2938,그린전동자동차 전동기와 제어기,2014-08-31
2939,인쇄작업론 및 품질관리,2014-08-31
2940,기계제도 및 기초공학,2014-08-31
2941,레이저 및 광전자,2014-08-31
2942,사회보험법,2014-08-31
2943,청소년연구방법론,2014-08-31
2944,청소년인권과참여,2014-08-31
2945,청소년정책론,2014-08-31
2946,청소년기관운영,2014-08-31
2947,청소년지도자론,2014-08-31
2948,청소년육성제도론,2014-08-31
2949,청소년지도방법론,2014-08-31
2950,청소년심리및상담,2014-08-31
2951,청소년문화,2014-08-31
2952,청소년활동,2014-08-31
2953,청소년프로그램개발과평가,2014-08-31
2954,청소년문제와보호,2014-08-31
2955,청소년복지,2014-08-31
2956,청소년육성제도론,2014-08-31
2957,청소년지도방법론,2014-08-31
2958,청소년심리및상담,2014-08-31
2959,청소년문화,2014-08-31
2960,청소년활동,2014-08-31
2961,청소년프로그램개발과평가,2014-08-31
2962,청소년문제와보호,2014-08-31
2963,가스계측,2014-08-31
2964,대기오염공정시험기준(방법),2014-08-31
2965,전송선로개론,2014-08-31
2966,토양학,2014-08-31
2967,보건의료관광마케팅,2014-08-31
2968,임베디드하드웨어,2014-08-31
2969,임베디드소프트웨어,2014-08-31
2970,임베디드 실무,2014-08-31
2971,태양광발전시스템이론,2014-08-31
2972,태양광발전설비 실무,2014-08-31
2973,태양광발전설비,2014-08-31
2974,방사선투과검사 원리,2014-08-31
2975,방사선투과검사 시험,2014-08-31
2976,방사선투과검사 규격,2014-08-31
2977,유통상식,2014-08-31
2978,경매실무,2014-08-31
2979,도매시장관계법령(청과등),2014-08-31
2980,도매시장관계법령(수산),2014-08-31
2981,도매시장관계법령(축산),2014-08-31
2982,상품성평가(청과),2014-08-31
2983,무척추동물양식학,2014-08-31
